distance,angle,is_header,under_pressure,is_open_play,is_goal,shot_statsbomb_xg,player,team,x,y
16.55173706896047,46.46880071438581,0,0,0,0,0.2009693,Anssumane Fati,Barcelona,108.6,28.0
19.747404892795412,33.85101030355819,0,0,1,0,0.096383646,Edgar Antonio Méndez Ortega,Deportivo Alavés,103.6,51.0
16.843396332094073,21.232892295418434,0,0,0,0,0.09887917,Antoine Griezmann,Barcelona,104.3,33.9
22.514439810930224,11.010479907003582,0,0,0,0,0.07893826,Lionel Andrés Messi Cuccittini,Barcelona,97.9,44.3
2.7018512172212623,51.009005957494495,0,0,1,1,0.9761923,Luis Jesús Rioja González,Deportivo Alavés,118.3,42.1
6.935416353759886,5.792796495032177,1,1,0,0,0.20307332,Frenkie de Jong,Barcelona,113.1,39.3
18.768324379123463,4.890402058053852,0,0,0,0,0.09501523,Lionel Andrés Messi Cuccittini,Barcelona,101.3,41.6
35.36240942017384,3.4045182994887395,0,0,0,0,0.017764185,Florian Grégoire Claude Lejeune,Deportivo Alavés,84.7,42.1
16.324827717314513,25.780226574086104,0,1,0,0,0.11245217,Lionel Andrés Messi Cuccittini,Barcelona,105.3,32.9
15.430489298787643,64.26526430918001,0,0,1,0,0.054102834,Lionel Andrés Messi Cuccittini,Barcelona,113.3,26.1
17.96106901050157,45.4511385467873,0,0,0,0,0.030959154,Lionel Andrés Messi Cuccittini,Barcelona,107.4,27.2
11.950313803411188,44.66097567554854,0,0,0,0,0.08542095,Anssumane Fati,Barcelona,111.5,31.6
25.98249410660955,36.0760115563686,0,0,0,0,0.044592485,Lionel Andrés Messi Cuccittini,Barcelona,99.0,24.7
15.147607071745693,35.05399505758269,0,0,0,1,0.29141483,Antoine Griezmann,Barcelona,107.6,31.3
14.9936653290648,39.31629366461554,0,0,0,0,0.07794037,Lionel Andrés Messi Cuccittini,Barcelona,108.4,49.5
22.435017272112805,13.664600380556896,0,0,0,0,0.048743222,Miralem Pjanić,Barcelona,98.2,34.7
14.200352108310561,19.328129151109987,1,0,0,0,0.03818405,José Luis Sanmartín Mato,Deportivo Alavés,106.6,35.3
17.341568556506065,14.356775953456511,0,1,0,0,0.051461197,Anssumane Fati,Barcelona,103.2,35.7
22.575429121059912,42.666353576236425,0,0,1,0,0.034160636,Anssumane Fati,Barcelona,103.4,24.7
24.560130292813994,16.07357416474639,0,0,0,0,0.03886047,Francisco António Machado Mota de Castro Trincão,Barcelona,96.4,46.8
24.462420158275428,23.106326858271576,0,0,1,0,0.037237283,Francisco António Machado Mota de Castro Trincão,Barcelona,97.5,49.6
29.637982387470302,23.8839747660827,0,0,0,0,0.021675078,Sergino Dest,Barcelona,92.9,28.0
16.763054614240204,35.77607771789466,0,0,0,0,0.064202756,Sergino Dest,Barcelona,106.4,49.8
31.30143766666317,0.5491440105656707,0,0,0,0,0.020938296,Miralem Pjanić,Barcelona,88.7,39.7
8.139410298049853,47.48955292199916,1,0,0,0,0.104497105,Gerard Piqué Bernabéu,Barcelona,114.5,46.0
11.833004690272032,20.27268561330988,0,0,0,0,0.15296176,Gerard Piqué Bernabéu,Barcelona,108.9,44.1
27.54650613054222,19.290046219188735,0,0,0,0,0.02749131,Lionel Andrés Messi Cuccittini,Barcelona,94.0,49.1
22.07351353998724,17.94244708915867,0,0,0,0,0.051498987,Lionel Andrés Messi Cuccittini,Barcelona,99.0,46.8
18.001388835309342,32.98383790731678,0,0,0,0,0.063643776,Lionel Andrés Messi Cuccittini,Barcelona,104.9,49.8
21.817882573705457,29.972890585971356,0,0,1,0,0.04283516,José Antonio Rodríguez Díaz,Granada,101.1,50.9
14.447145046686565,21.948699083526964,0,0,0,0,0.09201574,Pedro González López,Barcelona,106.6,34.6
9.827003612495515,12.339087278326211,0,0,0,1,0.4184496,Antoine Griezmann,Barcelona,110.4,37.9
24.042046501909944,45.3370301098578,0,0,1,0,0.014482854,Ousmane Dembélé,Barcelona,103.1,57.1
28.40792143047429,15.308186714600545,0,0,0,0,0.025733665,José Antonio Rodríguez Díaz,Granada,92.6,47.5
18.638937737972086,55.71312302279104,0,0,0,0,0.058749907,Roberto Soldado Rillo,Granada,109.5,55.4
18.96233108032871,26.970439078650895,0,0,0,0,0.069709174,Antoine Griezmann,Barcelona,103.1,31.4
26.549764594059962,38.423885789445514,0,0,0,0,0.024455013,Darwin Daniel Machís Marcano,Granada,99.2,56.5
16.23637890664048,7.431407971172515,0,0,1,1,0.056093782,Lionel Andrés Messi Cuccittini,Barcelona,103.9,37.9
20.344286667268527,16.564367412718443,0,0,0,0,0.06687891,Ousmane Dembélé,Barcelona,100.5,45.8
19.572429588581997,11.195111426299968,0,0,0,1,0.093079254,Lionel Andrés Messi Cuccittini,Barcelona,100.8,43.8
16.51696097955069,14.372778684461858,0,1,0,0,0.09590488,José Antonio Rodríguez Díaz,Granada,104.0,35.9
18.755532517100125,17.372248484092413,0,0,0,0,0.124102466,Frenkie de Jong,Barcelona,102.1,45.6
11.768602295939825,40.86532862626357,0,0,0,0,0.1629772,Darwin Daniel Machís Marcano,Granada,111.1,32.3
14.229898102235305,61.45380926895664,0,0,0,1,0.052568585,Antoine Griezmann,Barcelona,113.2,52.5
16.509694121939393,41.31651361083949,0,0,0,0,0.10014443,Jordi Alba Ramos,Barcelona,107.6,29.1
19.03943276465977,29.931511840507792,0,0,0,0,0.059421957,Antoine Griezmann,Barcelona,103.5,49.5
20.90287061625747,18.69498839680381,0,0,0,0,0.08820046,Miralem Pjanić,Barcelona,100.2,33.3
26.369679558159216,9.605204155012943,0,0,0,0,0.034058154,Martin Braithwaite Christensen,Barcelona,94.0,44.4
27.08449741088064,44.25205581071141,0,0,0,0,0.011698737,Robert Kenedy Nunes do Nascimento,Granada,100.6,58.9
23.05211487044085,45.35150343987335,0,0,0,0,0.028624984,Luis Javier Suárez Charris,Granada,103.8,56.4
6.794115100585213,42.614055969611194,0,0,0,0,0.22362103,Martin Braithwaite Christensen,Barcelona,115.0,44.6
21.284971223847116,7.559066981041201,0,0,0,0,0.050982397,Pedro González López,Barcelona,98.9,42.8
14.787156589419077,11.309932474020208,0,0,1,0,0.09020188,Lionel Andrés Messi Cuccittini,Barcelona,105.5,42.9
9.28493403315285,67.85481996177673,0,0,1,0,0.23502783,Antoine Griezmann,Barcelona,116.5,31.4
19.131387822110554,51.15310415119674,0,0,0,0,0.0596119,Ousmane Dembélé,Barcelona,108.0,54.9
24.84532149117817,3.4612538779541566,0,0,1,0,0.054610096,Lionel Andrés Messi Cuccittini,Barcelona,95.2,41.5
13.069812546475182,58.134022306396304,0,0,0,0,0.101339325,Lionel Andrés Messi Cuccittini,Barcelona,113.1,28.9
9.235799911215057,33.5180086452519,1,0,1,1,0.16491379,Lionel Andrés Messi Cuccittini,Barcelona,112.3,45.1
15.0,36.86989764584402,1,1,0,0,0.03680788,Antoine Griezmann,Barcelona,108.0,31.0
22.925967809451357,6.009005957494523,0,0,0,1,0.051378094,Santiago Mina Lorenzo,Celta Vigo,97.2,37.6
23.236178687555313,13.438188158350654,0,0,1,0,0.04007158,Lionel Andrés Messi Cuccittini,Barcelona,97.4,45.4
24.593698379869583,23.229180889552627,0,0,1,0,0.029657349,Moriba Kourouma Kourouma,Barcelona,97.4,49.7
2.973213749463703,42.2736890060937,1,1,0,0,0.5642073,Ronald Federico Araújo da Silva,Barcelona,117.8,38.0
23.145841959194314,29.222908464590503,0,0,0,0,0.036774643,Ousmane Dembélé,Barcelona,99.8,51.3
14.577379737113251,5.9061411137705,1,0,1,0,0.13638648,Moriba Kourouma Kourouma,Barcelona,105.5,38.5
20.000249998437514,28.35896344613004,0,0,1,0,0.07740248,Denis Suárez Fernández,Celta Vigo,102.4,30.5
33.71082912062532,18.864927839127887,0,0,0,0,0.015701557,Ronald Federico Araújo da Silva,Barcelona,88.1,50.9
16.633099530754933,50.856013585428954,0,1,0,0,0.090813234,Jordi Alba Ramos,Barcelona,109.5,27.1
18.956001688119784,16.23602417397498,0,0,0,0,0.07324356,Lionel Andrés Messi Cuccittini,Barcelona,101.8,45.3
12.609916732476858,2.2724497327829356,0,0,1,0,0.25516874,Augusto Jorge Mateo Solari,Celta Vigo,107.4,40.5
8.765842800324451,34.77783136636387,0,0,1,0,0.17842196,Martin Braithwaite Christensen,Barcelona,112.8,35.0
14.508618128546908,38.844831656726015,0,0,1,0,0.085805565,Lionel Andrés Messi Cuccittini,Barcelona,108.7,30.9
8.683893136145787,35.15417763214745,0,0,1,1,0.3457039,Santiago Mina Lorenzo,Celta Vigo,112.9,45.0
16.11117624507906,2.1342587625022973,1,1,0,0,0.027145049,Ronald Federico Araújo da Silva,Barcelona,103.9,40.6
23.217665688005763,62.00009445363875,0,1,1,0,0.008288619,Sergino Dest,Barcelona,109.1,60.5
20.67365473253339,12.288323163275336,0,0,0,0,0.07906983,Lionel Andrés Messi Cuccittini,Barcelona,99.8,35.6
7.083784299369935,48.43363036245049,0,0,0,0,0.10217343,Borja Iglesias Quintas,Real Betis,115.3,34.7
17.321951391226108,15.4001709995294,0,0,0,0,0.06957128,Ousmane Dembélé,Barcelona,103.3,44.6
9.682974749528164,51.709836807756936,1,0,1,0,0.1273561,Juan Miguel Jiménez López,Real Betis,114.0,32.4
6.762396025078688,23.532348560901028,1,0,0,0,0.16972353,Clément Lenglet,Barcelona,113.8,42.7
8.640023148117136,16.127575825959806,0,0,1,1,0.44097158,Borja Iglesias Quintas,Real Betis,111.7,42.4
11.300442469213316,0.5070290609147828,1,0,0,0,0.060599968,Martin Braithwaite Christensen,Barcelona,108.7,40.1
18.848076824970768,15.068488159492205,0,0,1,0,0.06390779,Óscar Mingueza García,Barcelona,101.8,44.9
12.2723265927859,75.85052391365481,1,0,0,0,0.018656503,Antoine Griezmann,Barcelona,117.0,28.1
9.451454914456297,29.82007256547376,0,0,1,0,0.14799254,Antoine Griezmann,Barcelona,111.8,35.3
13.514806694880987,24.47904098516313,0,0,1,0,0.3704533,Juan Miguel Jiménez López,Real Betis,107.7,34.4
22.768838354206828,45.000000000000014,0,0,1,0,0.036253028,Ousmane Dembélé,Barcelona,103.9,56.1
21.56409052104911,35.75388725443675,0,0,1,1,0.056231674,Lionel Andrés Messi Cuccittini,Barcelona,102.5,52.6
26.206869328479506,38.18178542834814,0,0,1,0,0.02668288,Nabil Fekir,Real Betis,99.4,56.2
16.58583733189253,51.60994389362998,0,0,1,0,0.13531347,Ousmane Dembélé,Barcelona,109.7,53.0
6.809552114493289,60.046391832198466,1,1,0,0,0.11360259,Óscar Mingueza García,Barcelona,116.6,34.1
4.390899680020029,30.068582821862496,1,1,0,1,0.1947324,Víctor Ruíz Torre,Real Betis,116.2,42.2
24.796975622039074,28.942391591717506,0,0,0,0,0.064184494,Lionel Andrés Messi Cuccittini,Barcelona,98.3,52.0
9.848857801796104,23.962488974578186,1,1,0,0,0.091646455,Víctor Ruíz Torre,Real Betis,111.0,44.0
23.672980378482137,14.681967741393608,0,0,0,0,0.041051574,Sergio Canales Madrazo,Real Betis,97.1,46.0
20.106217943710845,29.49746120836838,0,0,1,1,0.051537734,Francisco António Machado Mota de Castro Trincão,Barcelona,102.5,49.9
80.20280543721647,4.075437197686485,0,0,0,0,0.004130807,Jonathan Calleri,Osasuna,40.0,45.7
20.011246837716033,8.33256009637417,0,0,1,0,0.057224557,Enrique Barja Afonso,Osasuna,100.2,42.9
6.896375859826661,16.858398767738294,1,0,0,0,0.22981732,Jonathan Calleri,Osasuna,113.4,38.0
18.87988347421668,7.915512423026586,0,1,0,0,0.07305303,Lionel Andrés Messi Cuccittini,Barcelona,101.3,42.6
11.772000679578642,61.03994330604966,0,0,1,0,0.12096324,Jonathan Calleri,Osasuna,114.3,29.7
12.500399993600205,0.45835645800043795,1,1,0,0,0.04363723,Antoine Griezmann,Barcelona,107.5,40.1
13.669308687713512,59.68321975239602,0,0,0,1,0.1538112,Jordi Alba Ramos,Barcelona,113.1,28.2
12.840560735419615,52.594643368591456,0,0,1,0,0.30000883,Rubén García Santos,Osasuna,112.2,29.8
17.50114281982751,0.6547804022677095,1,1,1,0,0.025620336,Jonathan Calleri,Osasuna,102.5,40.2
26.51867266663247,29.85207626918268,0,0,1,0,0.027122034,Lionel Andrés Messi Cuccittini,Barcelona,97.0,26.8
21.12060605191054,24.62356478616361,0,0,1,0,0.03751865,Lionel Andrés Messi Cuccittini,Barcelona,100.8,31.2
26.67601919327544,16.328935554952086,0,0,1,0,0.028897893,Lionel Andrés Messi Cuccittini,Barcelona,94.4,47.5
24.20185943269649,0.7102418770606177,0,0,0,0,0.048145216,Ousmane Dembélé,Barcelona,95.8,40.3
21.0304541082688,32.17865620660109,0,0,1,0,0.045629695,Sergino Dest,Barcelona,102.2,51.2
14.176741515595184,49.0041729407094,0,0,0,0,0.15424673,Frenkie de Jong,Barcelona,110.7,50.7
8.766413177577242,11.181754210196702,1,1,0,0,0.17912224,Jonathan Calleri,Osasuna,111.4,38.3
27.925973573001897,15.579023553750863,0,0,0,0,0.026436986,Pedro González López,Barcelona,93.1,32.5
10.42161215935423,64.4184707420611,0,0,0,0,0.18142118,Jordi Alba Ramos,Barcelona,115.5,30.6
10.818964830333814,45.37447688672286,0,0,1,0,0.1681818,Lionel Andrés Messi Cuccittini,Barcelona,112.4,47.7
18.339302058693505,3.7517290705259843,0,0,1,1,0.068824455,Moriba Kourouma Kourouma,Barcelona,101.7,41.2
14.101418368376985,0.8126515942537487,0,0,1,0,0.072080754,Ante Budimir,Osasuna,105.9,39.8
19.637973418863773,34.41836447905621,0,0,0,0,0.06182509,Adrián López Álvarez,Osasuna,103.8,51.1
7.596051605933175,16.049004792533214,1,1,0,0,0.15743414,David García Zubiría,Osasuna,112.7,37.9
25.597265478953016,45.000000000000014,0,0,1,0,0.023533026,Óscar Mingueza García,Barcelona,101.9,58.1
8.221921916437788,41.05481377096242,0,0,1,1,0.16896226,Karim Benzema,Real Madrid,113.8,45.4
4.143669871020137,19.74683660542608,1,1,0,0,0.3056659,Ousmane Dembélé,Barcelona,116.1,38.6
17.48885359307465,14.910313761223327,0,0,1,0,0.06698707,Luka Modrić,Real Madrid,103.1,35.5
29.61519880061587,10.702847596159256,0,0,0,0,0.0419699,Karim Benzema,Real Madrid,90.9,34.5
22.90938672247688,33.96752675910231,0,0,0,1,0.068962805,Toni Kroos,Real Madrid,101.0,27.2
18.46212338816963,46.53630012888378,0,0,1,0,0.09082136,Federico Santiago Valverde Dipetta,Real Madrid,107.3,53.4
14.302796929272255,9.659893078442332,0,0,1,0,0.15830496,Lucas Vázquez Iglesias,Real Madrid,105.9,42.4
25.07688178382631,18.362696932452405,0,0,0,0,0.027073873,Federico Santiago Valverde Dipetta,Real Madrid,96.2,47.9
11.48564321228899,7.001267557495328,0,0,0,0,0.1361084,Éder Gabriel Militão,Real Madrid,108.6,41.4
26.004807247891684,15.158498593105579,0,0,1,0,0.03774876,Ousmane Dembélé,Barcelona,94.9,46.8
21.13007335529151,17.0628571734614,0,0,1,0,0.04994738,Lionel Andrés Messi Cuccittini,Barcelona,99.8,33.8
17.0,64.94238458169697,0,0,0,0,0.01567179,Lionel Andrés Messi Cuccittini,Barcelona,112.8,24.6
7.8000000000000025,67.38013505195958,0,0,0,0,0.13461363,Lionel Andrés Messi Cuccittini,Barcelona,117.0,47.2
9.386160024205854,51.054191894114794,0,0,1,0,0.06691165,Lionel Andrés Messi Cuccittini,Barcelona,114.1,32.7
26.261759270848557,3.9301755457254735,0,0,1,0,0.040328264,Toni Kroos,Real Madrid,93.8,41.8
20.929644048573785,26.68747787005809,0,0,1,0,0.104605675,Karim Benzema,Real Madrid,101.3,30.6
9.402127418834533,1.2188752351313143,0,0,1,1,0.3197491,Óscar Mingueza García,Barcelona,110.6,39.8
29.841246622753548,8.673174047879765,0,0,0,0,0.04573942,Lionel Andrés Messi Cuccittini,Barcelona,90.5,35.5
8.393449827097315,21.674649119024156,1,0,0,0,0.16597773,Toni Kroos,Real Madrid,112.2,43.1
23.363432966925043,12.608606793366242,0,0,0,0,0.07932068,Lionel Andrés Messi Cuccittini,Barcelona,97.2,34.9
17.69773996870787,68.79978334435896,0,1,1,0,0.012394485,Óscar Mingueza García,Barcelona,113.6,56.5
10.62167595062098,41.947117485207556,1,0,0,0,0.063872784,Moriba Kourouma Kourouma,Barcelona,112.1,32.9
16.40487732352791,1.397181027296371,0,0,0,0,0.15727945,Francisco Román Alarcón Suárez,Real Madrid,103.6,40.4
20.666155907667008,30.535829206474133,0,0,0,0,0.045265324,Marcelo Vieira da Silva Júnior,Real Madrid,102.2,29.5
19.948182874637983,27.46423846155402,0,0,0,0,0.04911825,Francisco Román Alarcón Suárez,Real Madrid,102.3,49.2
25.042763425788298,29.94352857261202,0,0,0,0,0.06397319,Lionel Andrés Messi Cuccittini,Barcelona,98.3,52.5
21.644860821913365,30.237383030705548,0,1,0,0,0.05946907,Moriba Kourouma Kourouma,Barcelona,101.3,29.1
13.776792079435616,39.699073483474336,1,0,1,0,0.046457313,Martin Braithwaite Christensen,Barcelona,109.4,31.2
11.933985084622828,4.32506043473845,0,1,0,0,0.070164755,Moriba Kourouma Kourouma,Barcelona,108.1,39.1
18.033579788827286,3.4970597392982543,0,0,0,0,0.057932165,Marc-André ter Stegen,Barcelona,102.0,41.1
20.557237168452385,19.316352819504136,0,0,0,0,0.04129878,Jordi Alba Ramos,Barcelona,100.6,33.2
13.43316790634287,29.427456403189737,0,0,0,0,0.09013731,Philippe Coutinho Correia,Barcelona,108.3,46.6
10.746627377926531,5.339236803737583,0,1,0,0,0.4531274,Jorge De Frutos Sebastián,Levante UD,109.3,39.0
18.023595645708436,25.996377250588964,0,0,0,0,0.06609147,Lionel Andrés Messi Cuccittini,Barcelona,103.8,32.1
21.142611002428247,44.808376033825716,0,0,0,0,0.042491257,Martin Braithwaite Christensen,Barcelona,105.0,25.1
12.384264209067897,47.29061004263851,0,1,1,0,0.15519324,Daniel Gómez Alcón,Levante UD,111.6,49.1
19.285227507084272,40.79464299829143,0,0,0,0,0.08913044,Antoine Griezmann,Barcelona,105.4,52.6
10.0687635785135,34.47921568612566,1,0,0,0,0.11785503,Antoine Griezmann,Barcelona,111.7,45.7
9.208691546577073,55.61965527615512,0,0,0,0,0.41583925,Clément Lenglet,Barcelona,114.8,32.4
26.293155002775908,41.14492640382484,0,0,0,0,0.025486808,Jorge Andújar Moreno,Levante UD,100.2,57.3
12.280065146407004,6.546290783294028,1,1,0,0,0.038136665,Lionel Andrés Messi Cuccittini,Barcelona,107.8,38.6
25.849177936638522,11.831579178740517,0,0,0,0,0.03797323,Daniel Gómez Alcón,Levante UD,94.7,45.3
21.756838005555863,29.156917882312996,0,0,1,0,0.052133597,Lionel Andrés Messi Cuccittini,Barcelona,101.0,50.6
29.127478435319457,19.243630335375475,0,0,0,0,0.037801396,Lionel Andrés Messi Cuccittini,Barcelona,92.5,49.6
21.55852499592678,30.37121987377356,0,0,0,0,0.03626696,Jordi Alba Ramos,Barcelona,101.4,29.1
13.43316790634287,29.427456403189737,0,0,0,0,0.07884668,Antoine Griezmann,Barcelona,108.3,46.6
29.44350522611057,3.1150647599054953,0,0,0,0,0.033487294,Lionel Andrés Messi Cuccittini,Barcelona,90.6,38.4
65.05974177630895,17.348771034633547,0,0,1,0,0.004744799,Jordi Alba Ramos,Barcelona,57.9,20.6
11.768602295939822,65.39487608204836,0,0,0,0,0.07456455,Lionel Andrés Messi Cuccittini,Barcelona,115.1,29.3
20.26326725876161,48.60127811722343,0,0,0,0,0.04363354,Philippe Coutinho Correia,Barcelona,106.6,24.8
20.813937638034766,17.04201287078369,0,0,0,0,0.053870168,Lionel Andrés Messi Cuccittini,Barcelona,100.1,33.9
24.57091776877697,18.50868852418164,0,1,0,0,0.032498784,Philippe Coutinho Correia,Barcelona,96.7,32.2
31.720813356532968,8.15564661439536,0,0,1,0,0.017997747,Antoine Griezmann,Barcelona,88.6,44.5
15.226949793047856,38.601043372631075,0,0,1,0,0.08037411,Lionel Andrés Messi Cuccittini,Barcelona,108.1,30.5
28.317662332897463,2.0237438392341627,0,0,0,0,0.047732294,Lionel Andrés Messi Cuccittini,Barcelona,91.7,41.0
11.448143954370943,72.19812794850912,0,1,1,0,0.06139338,Lionel Andrés Messi Cuccittini,Barcelona,116.5,29.1
7.843468620451037,19.358994175694715,1,0,0,0,0.10781629,Martin Braithwaite Christensen,Barcelona,112.6,42.6
16.20030863903525,37.223570805090475,0,0,1,1,0.22716096,Lionel Andrés Messi Cuccittini,Barcelona,107.1,30.2
10.956733089748973,63.43494882292198,0,1,0,0,0.20898964,Lionel Andrés Messi Cuccittini,Barcelona,115.1,30.2
24.215697388264505,22.32865637801915,0,0,1,0,0.044519193,José Luis Morales Nogales,Levante UD,97.6,49.2
23.22434067955429,28.551391872960185,0,0,0,0,0.01992774,Francisco Javier Hidalgo Gómez,Levante UD,99.6,51.1
24.82438317461282,18.799885158652657,0,0,0,0,0.041129347,Philippe Coutinho Correia,Barcelona,96.5,32.0
14.937536610833794,31.029538109959137,0,0,1,1,0.08300531,Anssumane Fati,Barcelona,107.2,32.3
13.56244815658294,5.500411470201895,0,0,1,0,0.05040036,Sergi Roberto Carnicer,Barcelona,106.5,41.3
13.201893803541974,33.56969841837245,0,0,1,1,0.44277996,Anssumane Fati,Barcelona,109.0,32.7
8.556284240252891,45.473508058734936,0,0,1,0,0.20163552,Lionel Andrés Messi Cuccittini,Barcelona,114.0,33.9
11.200892821556684,82.30394827798344,0,0,1,0,0.013960704,Jordi Alba Ramos,Barcelona,118.5,28.9
12.001666550941998,0.9548412538722024,0,0,0,1,0.7835,Lionel Andrés Messi Cuccittini,Barcelona,108.0,39.8
18.057962232765913,17.732583908039413,0,1,0,0,0.025156217,Francis Joseph Coquelin,Villarreal,102.8,45.5
8.88369292580512,31.184974658738412,0,0,1,0,0.18298244,Philippe Coutinho Correia,Barcelona,112.4,35.4
16.538742394752997,18.325396796745505,0,0,0,0,0.08608912,Gerard Moreno Balaguero,Villarreal,104.3,34.8
13.65650028374767,29.380607861289214,0,0,0,0,0.04752446,Lionel Andrés Messi Cuccittini,Barcelona,108.1,33.3
15.526107045875982,24.749366490717524,0,0,1,0,0.10624492,Antoine Griezmann,Barcelona,105.9,33.5
12.050726119201277,40.96228937902289,1,1,0,0,0.03460866,Vicente Iborra De La Fuente,Villarreal,110.9,32.1
21.936727194365158,42.78320565925982,0,0,0,0,0.054783225,Lionel Andrés Messi Cuccittini,Barcelona,103.9,54.9
8.229823813423959,4.879273783006744,1,0,0,0,0.38601032,Lionel Andrés Messi Cuccittini,Barcelona,111.8,39.3
22.743790361327193,55.75096699318805,0,0,1,0,0.0110668205,Mario Gaspar Pérez Martínez,Villarreal,107.2,58.8
17.968861956172965,16.821409890040837,0,0,0,0,0.067444965,Francisco António Machado Mota de Castro Trincão,Barcelona,102.8,34.8
19.620652384668553,37.33713115816131,0,0,1,0,0.08109221,Francisco António Machado Mota de Castro Trincão,Barcelona,104.4,51.9
16.381697103780176,17.771320822908763,0,0,1,0,0.08542609,Lionel Andrés Messi Cuccittini,Barcelona,104.4,45.0
20.64000968992021,53.07458320533761,0,0,1,0,0.02559387,Takefusa Kubo,Villarreal,107.6,56.5
30.01466308323317,42.29937066260471,0,0,0,0,0.01091343,Miralem Pjanić,Barcelona,97.8,19.8
11.81058846967415,64.95379922035721,0,0,1,0,0.048478007,Lionel Andrés Messi Cuccittini,Barcelona,115.0,29.3
21.468348795377814,33.023867555796656,0,0,0,0,0.03504776,Antoine Griezmann,Barcelona,102.0,51.7
14.877163708180401,22.945742289597007,0,0,0,1,0.16714483,Anssumane Fati,Barcelona,106.3,34.2
27.15326867984773,45.298412819994894,0,0,0,0,0.011488415,José Manuel Fontán Mondragón,Celta Vigo,100.9,20.7
26.461481440010118,37.47617956136138,0,0,0,0,0.04606585,Iago Aspas Juncal,Celta Vigo,99.0,56.1
18.76192953829642,20.27010483859367,0,0,0,0,0.07217433,Lucas René Olaza Catrofe,Celta Vigo,102.4,33.5
20.2427764894048,6.809050179613403,0,0,0,0,0.049639374,Philippe Coutinho Correia,Barcelona,99.9,42.4
16.207714212682802,1.7678270558560687,0,0,0,0,0.12848127,Philippe Coutinho Correia,Barcelona,103.8,39.5
29.323199006929645,29.18745263761909,0,0,0,0,0.041658394,Lionel Andrés Messi Cuccittini,Barcelona,94.4,25.7
25.823438965405053,55.57146707934805,0,0,1,0,0.007613767,Manuel Agudo Durán,Celta Vigo,105.4,18.7
15.100331122197288,67.00069835054057,0,0,1,0,0.039158177,Manuel Agudo Durán,Celta Vigo,114.1,26.1
9.808159868191387,16.58733855692739,0,0,1,0,0.12407055,Miguel Baeza Pérez,Celta Vigo,110.6,37.2
21.346896729969913,6.725517097325258,0,0,0,0,0.061612327,Manuel Agudo Durán,Celta Vigo,98.8,37.5
25.40177159176108,73.0631049514087,0,0,0,0,0.0078124246,Manuel Agudo Durán,Celta Vigo,112.6,15.7
17.921216476567658,41.60698893091124,0,0,0,0,0.044369835,Miguel Baeza Pérez,Celta Vigo,106.6,28.1
11.161541112229978,67.34064795999416,1,0,0,0,0.051826213,Néstor Alejandro Araújo Razo,Celta Vigo,115.7,29.7
13.908630414242806,58.82429950426139,0,0,1,0,0.15700933,Lionel Andrés Messi Cuccittini,Barcelona,112.8,28.1
13.165485179058157,38.52387546164883,0,0,1,1,0.16067164,Sergi Roberto Carnicer,Barcelona,109.7,48.2
13.729530217745975,42.638625341824394,0,0,0,1,0.31214735,Federico Santiago Valverde Dipetta,Real Madrid,109.9,49.3
12.576565508913797,9.61211475436589,0,1,1,0,0.1424742,Vinícius José Paixão de Oliveira Júnior,Real Madrid,107.6,37.9
6.26817357768593,33.943587019751796,0,0,0,1,0.3955568,Anssumane Fati,Barcelona,114.8,36.5
28.751695602172752,38.50419815458236,0,1,0,0,0.0122884065,Philippe Coutinho Correia,Barcelona,97.5,22.1
24.607722365143836,22.709417515806244,0,0,0,0,0.04776465,Philippe Coutinho Correia,Barcelona,97.3,30.5
26.976471229573377,17.69612274851352,0,0,1,0,0.037000425,Lionel Andrés Messi Cuccittini,Barcelona,94.3,31.8
6.767569726275458,18.970407808486552,1,0,0,0,0.10819121,Raphaël Varane,Real Madrid,113.6,37.8
7.647875521999555,27.235146699302533,1,1,0,0,0.102099925,Sergio Ramos García,Real Madrid,113.2,36.5
10.41393297462587,48.503531644784424,0,0,0,0,0.4412188,Lionel Andrés Messi Cuccittini,Barcelona,113.1,47.8
13.401492454200769,0.855097396266735,0,0,0,0,0.27210635,Karim Benzema,Real Madrid,106.6,39.8
17.301156030739676,0.6623494473722086,0,0,1,0,0.029511923,Karim Benzema,Real Madrid,102.7,40.2
8.723531395025757,28.033851891463815,1,1,0,0,0.08104959,Sergio Ramos García,Real Madrid,112.3,44.1
34.89670471548854,6.086351345582835,0,0,1,0,0.018411724,Carlos Henrique Casimiro,Real Madrid,85.3,43.7
17.618172436436193,50.52754015165617,0,1,0,0,0.03357311,Anssumane Fati,Barcelona,108.8,53.6
11.684605256490265,48.12213046211572,1,0,1,0,0.0875304,Philippe Coutinho Correia,Barcelona,112.2,31.3
21.681328372588244,37.50414236027014,0,0,0,0,0.06166864,Karim Benzema,Real Madrid,102.8,26.8
12.301625908797583,0.9315565980774982,0,0,0,1,0.7835,Sergio Ramos García,Real Madrid,107.7,39.8
19.11753122136852,42.031765970128276,0,0,0,0,0.04570999,Philippe Coutinho Correia,Barcelona,105.8,27.2
10.551303237041388,14.826479970355678,0,0,0,0,0.1024136,Philippe Coutinho Correia,Barcelona,109.8,37.3
28.558011135231393,6.0300088082814565,0,0,0,0,0.04581602,Lionel Andrés Messi Cuccittini,Barcelona,91.6,43.0
16.058953888718904,15.161242578138005,0,0,1,0,0.15770543,Toni Kroos,Real Madrid,104.5,44.2
10.043903623591778,54.72757855140163,0,0,1,0,0.1677268,Toni Kroos,Real Madrid,114.2,48.2
9.924716620639604,40.91438322002513,0,0,0,0,0.16929331,Sergio Ramos García,Real Madrid,112.5,33.5
7.864477096412707,11.73857120672233,1,0,0,0,0.15622824,Raphaël Varane,Real Madrid,112.3,41.6
26.00173071162764,0.6610758115854225,0,0,1,0,0.04361772,Vinícius José Paixão de Oliveira Júnior,Real Madrid,94.0,40.3
14.764823060233395,8.569141879837657,0,0,0,1,0.29433554,Luka Modrić,Real Madrid,105.4,42.2
7.800640999302554,0.7345210342548262,0,0,1,0,0.54601175,Pedro González López,Barcelona,112.2,39.9
10.742439201596628,65.8208928533108,0,0,0,0,0.08631221,Lionel Andrés Messi Cuccittini,Barcelona,115.6,49.8
27.721832551258224,50.85601358542896,0,0,1,0,0.010357936,Ousmane Dembélé,Barcelona,102.5,18.5
15.102979838429231,1.1381770074881739,0,0,1,0,0.11706126,Ousmane Dembélé,Barcelona,104.9,39.7
5.491812087098398,10.491477012331588,1,0,0,0,0.3090264,Pedro González López,Barcelona,114.6,41.0
16.44019464604966,53.40891173260072,0,0,1,0,0.05799438,Jordi Alba Ramos,Barcelona,110.2,26.8
4.729693436154181,13.448615051686549,0,1,0,1,0.27720144,Frenkie de Jong,Barcelona,115.4,41.1
8.697700845625818,44.534190917235,0,0,1,0,0.08235023,Martin Braithwaite Christensen,Barcelona,113.8,46.1
25.76062887431128,37.27024983780904,0,0,1,0,0.025608072,Lionel Andrés Messi Cuccittini,Barcelona,99.5,55.6
24.09024698918631,12.709388136255763,0,0,0,0,0.045421854,Lionel Andrés Messi Cuccittini,Barcelona,96.5,34.7
13.160927019021115,29.09688879952802,0,1,0,0,0.14145768,Ousmane Dembélé,Barcelona,108.5,33.6
24.36144494893519,12.324727434137372,0,0,0,0,0.07923236,Lionel Andrés Messi Cuccittini,Barcelona,96.2,34.8
26.70299608658174,36.01159811581252,0,0,0,0,0.046973187,Lionel Andrés Messi Cuccittini,Barcelona,98.4,55.7
19.40309253701584,14.322719978203548,0,0,0,0,0.07536486,Lionel Andrés Messi Cuccittini,Barcelona,101.2,44.8
19.287560758167427,51.52576447195111,0,0,0,0,0.05796124,Ousmane Dembélé,Barcelona,108.0,24.9
19.6091815229499,1.7534048600715442,0,0,1,0,0.060821835,Lionel Andrés Messi Cuccittini,Barcelona,100.4,39.4
4.651881339845206,64.53665493812841,0,0,0,0,0.28106615,Rafael Mir Vicente,Huesca,118.0,44.2
28.811803136909017,28.166069179320836,0,0,0,0,0.022451427,Ousmane Dembélé,Barcelona,94.6,26.4
13.433167906342863,60.572543596810284,0,0,1,0,0.13316546,Lionel Andrés Messi Cuccittini,Barcelona,113.4,28.3
28.469281690973514,22.51149694524658,0,0,1,0,0.022933368,Javier Ontiveros Parra,Huesca,93.7,29.1
22.80898945591409,10.86655180133257,0,0,1,0,0.05382589,Miralem Pjanić,Barcelona,97.6,44.3
12.955693729013506,42.18444331578879,0,0,1,0,0.28016123,Ousmane Dembélé,Barcelona,110.4,31.3
17.951323071016247,23.99489608623153,1,0,1,0,0.032397743,Shinji Okazaki,Huesca,103.6,32.7
14.989329538041387,18.6767017321901,0,0,0,0,0.051326882,Juan Carlos Real Ruiz,Huesca,105.8,35.2
7.286288492778747,43.33166255170671,1,1,0,0,0.1198475,Lucas Ariel Ocampos,Sevilla,114.7,35.0
24.413111231467404,34.99202019855866,0,0,1,0,0.034823347,Lucas Ariel Ocampos,Sevilla,100.0,26.0
10.430723848324243,4.398705354995514,0,0,0,1,0.10194666,Luuk de Jong,Sevilla,109.6,39.2
14.261837188805657,22.249023657212355,0,0,0,1,0.58375424,Philippe Coutinho Correia,Barcelona,106.8,34.6
55.61600489067873,21.629235708899202,0,0,0,0,0.0047969674,Jordi Alba Ramos,Barcelona,68.3,19.5
16.29355700883021,41.51672853100233,0,1,0,0,0.26431355,Antoine Griezmann,Barcelona,107.8,29.2
22.242751628339512,14.848452018177904,0,0,0,0,0.059634212,Anssumane Fati,Barcelona,98.5,34.3
15.379206741571556,69.4439547804165,0,0,1,0,0.0206557,Jesús Joaquín Fernández Sáez de la Torre,Sevilla,114.6,54.4
24.686230980042296,46.4772141914932,0,0,0,0,0.016373863,Anssumane Fati,Barcelona,103.0,22.1
18.31529415543195,44.33637199998675,0,1,0,0,0.09066692,Lionel Andrés Messi Cuccittini,Barcelona,106.9,52.8
27.714617081965972,35.00895657983099,0,0,0,0,0.015267702,Joan Jordán Moreno,Sevilla,97.3,55.9
24.72913261721891,2.7814136692751656,0,0,0,0,0.04549022,Ivan Rakitić,Sevilla,95.3,41.2
8.523496934944012,31.07903963507925,1,0,0,0,0.089097686,Jules Koundé,Sevilla,112.7,44.4
9.124143795447326,27.407575437818437,1,1,0,0,0.083537444,Jules Koundé,Sevilla,111.9,44.2
7.349829930005181,56.09372301155789,1,1,0,0,0.1521444,Youssef En-Nesyri,Sevilla,115.9,33.9
25.938388538997557,17.03776779562564,0,0,0,0,0.036086563,Lionel Andrés Messi Cuccittini,Barcelona,95.2,32.4
10.374005976477946,17.386972176915524,0,0,0,0,0.3463066,Frenkie de Jong,Barcelona,110.1,43.1
30.205959676858477,1.138177007488187,0,0,1,0,0.025199624,Joan Jordán Moreno,Sevilla,89.8,40.6
17.821616088334974,53.901716032892,0,0,0,0,0.12810293,Francisco António Machado Mota de Castro Trincão,Barcelona,109.5,54.4
18.33384847761102,30.481389990823935,0,0,1,0,0.10179729,Sergi Roberto Carnicer,Barcelona,104.2,49.3
30.16769795658926,30.47517446214452,0,0,1,0,0.02161511,Lionel Andrés Messi Cuccittini,Barcelona,94.0,55.3
14.003570973148245,46.15733306812952,0,1,1,0,0.057950504,Nemanja Maksimović,Getafe,110.3,50.1
19.72257589667232,26.175289981759928,0,0,1,0,0.052492436,Lionel Andrés Messi Cuccittini,Barcelona,102.3,31.3
23.009780529157588,29.127160978206053,0,1,0,0,0.048669264,Marc Cucurella Saseta,Getafe,99.9,28.8
15.340469353966975,25.896909108749274,0,0,0,0,0.070784174,Mathías Olivera Miramontes,Getafe,106.2,33.3
15.672268502038884,34.60266647756364,0,0,0,0,0.41267076,Antoine Griezmann,Barcelona,107.1,48.9
21.467417171145666,27.161860628307174,0,0,1,0,0.05172727,Jaime Mata Arnaiz,Getafe,100.9,30.2
25.80174412709342,0.6661999701831354,0,0,0,0,0.06679972,Lionel Andrés Messi Cuccittini,Barcelona,94.2,40.3
12.0,0.0,0,0,0,1,0.7835,Jaime Mata Arnaiz,Getafe,108.0,40.0
8.904493247793496,32.619243071192805,1,0,0,0,0.077347964,Gerard Piqué Bernabéu,Barcelona,112.5,35.2
28.287983314474722,40.84295485870446,0,0,0,0,0.009594058,Anssumane Fati,Barcelona,98.6,21.5
18.926436537288264,3.0286985783405855,0,0,1,0,0.13354984,Marc Cucurella Saseta,Getafe,101.1,39.0
15.420765220960991,43.42344994481627,0,1,0,0,0.15459204,Juan Camilo Hernández Suárez,Getafe,108.8,29.4
18.33712082089225,25.866356794094518,0,0,0,0,0.3204304,Juan Camilo Hernández Suárez,Getafe,103.5,48.0
14.44991349455076,4.763641690726187,0,0,1,0,0.1286825,Lionel Andrés Messi Cuccittini,Barcelona,105.6,38.8
19.068822721919677,38.612882974235475,0,0,1,0,0.036768384,Philippe Coutinho Correia,Barcelona,105.1,28.1
31.515869018638856,11.345586345904191,0,0,0,0,0.030897133,David Timor Copoví,Getafe,89.1,46.2
9.48103369891701,52.28402365441688,0,1,0,0,0.15227662,Antoine Griezmann,Barcelona,114.2,47.5
23.15016198647431,23.686064112866653,0,0,1,0,0.03962588,Saúl Ñíguez Esclapez,Atlético Madrid,98.8,30.7
16.200308639035242,52.776429194909525,0,0,0,0,0.12261136,Marcos Llorente Moreno,Atlético Madrid,110.2,52.9
28.643498389686965,28.802030240515695,0,0,0,0,0.024586549,Saúl Ñíguez Esclapez,Atlético Madrid,94.9,26.2
9.585405573057407,66.64443514071402,0,0,0,0,0.17527242,Lionel Andrés Messi Cuccittini,Barcelona,116.2,31.2
36.824584179593934,31.79097858604477,0,0,1,1,0.10752832,Yannick Ferreira Carrasco,Atlético Madrid,88.7,20.6
12.18277472499594,54.35297925009327,1,1,0,0,0.027858607,Clément Lenglet,Barcelona,112.9,49.9
21.420084033448603,37.03038960567865,0,1,1,0,0.03746189,Pedro González López,Barcelona,102.9,27.1
6.551335741663674,31.263731694377448,1,0,0,0,0.20700896,Clément Lenglet,Barcelona,114.4,43.4
18.041341413542394,37.5685920288275,0,0,0,0,0.04496801,Saúl Ñíguez Esclapez,Atlético Madrid,105.7,29.0
23.522754940695183,37.74680538727468,0,1,0,0,0.049011447,Ousmane Dembélé,Barcelona,101.4,54.4
33.344414824674914,5.3344400370317295,0,1,1,0,0.018691551,Miralem Pjanić,Barcelona,86.8,36.9
25.979414927977114,8.410808881022684,0,0,0,0,0.037845716,João Félix Sequeira,Atlético Madrid,94.3,43.8
11.013627921806693,57.6086067933662,1,0,0,0,0.049725365,Saúl Ñíguez Esclapez,Atlético Madrid,114.1,49.3
20.322647465327936,58.891191171454864,0,0,1,0,0.014155507,Yannick Ferreira Carrasco,Atlético Madrid,109.5,22.6
21.003809178337153,1.091216225262594,0,1,0,0,0.076766945,Lionel Andrés Messi Cuccittini,Barcelona,99.0,39.6
27.397992627198082,10.940816595891157,0,0,0,0,0.059487686,Lionel Andrés Messi Cuccittini,Barcelona,93.1,45.2
11.142710621747302,21.037511025421807,1,1,0,0,0.05838845,Antoine Griezmann,Barcelona,109.6,44.0
27.5530397597071,6.041659323742585,0,0,1,0,0.03224117,Ángel Martín Correa,Atlético Madrid,92.6,42.9
17.487424052730006,13.559451870534048,0,0,0,0,0.08964235,Yannick Ferreira Carrasco,Atlético Madrid,103.0,35.9
27.87723085243583,38.884496433714595,0,0,0,0,0.01871808,Francisco António Machado Mota de Castro Trincão,Barcelona,98.3,57.5
21.973848092675983,32.1712171285446,0,0,0,0,0.04672806,Martin Braithwaite Christensen,Barcelona,101.4,51.7
32.14031735997639,5.35582504285519,0,0,1,0,0.026620906,Sergi Roberto Carnicer,Barcelona,88.0,43.0
25.739075352467495,45.31480880738911,0,0,0,0,0.022515863,Gonçalo Manuel Ganchinho Guedes,Valencia,101.9,21.7
28.077749197540747,22.180344302017236,0,0,0,0,0.024988044,Lionel Andrés Messi Cuccittini,Barcelona,94.0,50.6
29.904681907687966,14.129180579464608,0,0,0,0,0.027199345,Gonçalo Manuel Ganchinho Guedes,Valencia,91.0,47.3
14.534441853748634,49.18491612511841,0,0,1,0,0.15781964,José Luis Gayà Peña,Valencia,110.5,29.0
22.69206909913682,11.9536781881956,0,0,1,0,0.06508526,Carlos Soler Barragán,Valencia,97.8,35.3
6.300793600809342,0.9093804491991548,1,0,0,1,0.22057752,Mouctar Diakhaby,Valencia,113.7,39.9
27.59855068658497,20.799028408841497,0,0,0,0,0.01624422,Philippe Coutinho Correia,Barcelona,94.2,30.2
12.822246293064259,35.79740302797833,1,0,0,0,0.030817557,Gabriel Armando de Abreu,Valencia,109.6,32.5
21.958369702689684,4.178568968889471,0,0,0,0,0.036864728,Denis Cheryshev,Valencia,98.1,41.6
15.11720873706519,57.15091104091421,0,1,0,0,0.08293867,Antoine Griezmann,Barcelona,111.8,52.7
26.122786987609107,11.481991354748105,0,0,1,0,0.033650175,Lionel Andrés Messi Cuccittini,Barcelona,94.4,34.8
7.368174807915455,7.800187884181701,1,0,1,0,0.21967192,Maximiliano Gómez González,Valencia,112.7,39.0
11.810588469674148,2.4263358316023584,0,0,0,0,0.7835,Lionel Andrés Messi Cuccittini,Barcelona,108.2,40.5
3.3286633954186438,57.26477372789242,1,1,0,1,0.83608377,Lionel Andrés Messi Cuccittini,Barcelona,118.2,42.8
13.503332921912278,1.273030020056699,0,0,0,0,0.20238984,Denis Cheryshev,Valencia,106.5,40.3
22.492887764802457,23.03135286975075,0,0,1,0,0.04837009,Lionel Andrés Messi Cuccittini,Barcelona,99.3,31.2
13.605881081355964,24.304549265936714,0,0,0,1,0.055896245,Ronald Federico Araújo da Silva,Barcelona,107.6,34.4
4.081666326391708,59.036243467926546,1,0,0,0,0.2988362,Martin Braithwaite Christensen,Barcelona,117.9,43.5
19.342440383777845,23.782030423221364,0,0,0,0,0.057187174,Uroš Račić,Valencia,102.3,47.8
23.12941849679754,51.49494026770438,0,0,0,0,0.018202478,Sergino Dest,Barcelona,105.6,58.1
16.281584689458214,25.46334506187161,0,0,1,0,0.054206222,Philippe Coutinho Correia,Barcelona,105.3,33.0
25.593163149560073,11.266027670726288,0,1,1,0,0.037506588,Jordi Alba Ramos,Barcelona,94.9,35.0
29.45929394944828,29.26240192674739,0,0,0,0,0.023462815,Philippe Coutinho Correia,Barcelona,94.3,25.6
6.200806399171,0.9240453527727189,0,0,1,1,0.5974063,Maximiliano Gómez González,Valencia,113.8,39.9
31.834729463276418,12.333592861435372,0,0,0,0,0.018460058,Óscar Mingueza García,Barcelona,88.9,33.2
15.508062419270825,35.022287379849416,0,0,0,0,0.08993374,Philippe Coutinho Correia,Barcelona,107.3,31.1
23.957671005337723,39.070657518996725,0,0,0,0,0.030860003,Pedro González López,Barcelona,101.4,55.1
20.00399960007998,1.1457628381750993,0,0,1,0,0.04318942,Lionel Andrés Messi Cuccittini,Barcelona,100.0,40.4
9.674709297958257,60.25511870305778,0,0,0,0,0.048609655,Óscar Mingueza García,Barcelona,115.2,31.6
19.632880583347923,41.076110677247065,0,1,1,0,0.07771912,Philippe Coutinho Correia,Barcelona,105.2,27.1
24.010206163213176,1.6706532713999747,0,0,0,0,0.071193315,Lionel Andrés Messi Cuccittini,Barcelona,96.0,39.3
20.05517389602992,34.64094751191629,0,0,1,0,0.038734686,Francisco António Machado Mota de Castro Trincão,Barcelona,103.5,51.4
20.961154548354443,4.377740928740089,0,0,1,0,0.082155265,Lionel Andrés Messi Cuccittini,Barcelona,99.1,41.6
27.62607463973121,34.38034472384487,0,0,0,0,0.02903015,Lionel Andrés Messi Cuccittini,Barcelona,97.2,55.6
20.662042493422575,27.061106137473228,0,0,1,0,0.04978775,Miralem Pjanić,Barcelona,101.6,30.6
20.800961516237653,0.5509039792185808,0,1,1,0,0.049855277,Jordi Alba Ramos,Barcelona,99.2,39.8
18.4967564724197,10.277140581412409,0,0,0,0,0.06688733,Antoine Griezmann,Barcelona,101.8,43.3
14.173919711921611,57.09475707701209,0,0,0,1,0.080978274,Lionel Andrés Messi Cuccittini,Barcelona,112.3,28.1
18.29371476764629,25.584534544036995,0,0,1,0,0.06897262,Yangel Clemente Herrera Ravelo,Granada,103.5,47.9
21.51139233057684,1.8647852593390144,0,0,0,0,0.04477437,Lionel Andrés Messi Cuccittini,Barcelona,98.5,40.7
18.49810801136159,8.39292518739251,0,1,1,0,0.08644311,Lionel Andrés Messi Cuccittini,Barcelona,101.7,42.7
12.800390619039725,45.949566856435816,0,0,1,0,0.34449932,Lionel Andrés Messi Cuccittini,Barcelona,111.1,49.2
9.500526301210897,0.603091194380541,1,0,0,0,0.06895016,Samuel Yves Umtiti,Barcelona,110.5,39.9
26.51358142537518,15.084539645138415,0,1,0,0,0.032587416,Yan Brice Eteki,Granada,94.4,33.1
14.224275025462635,21.876208111630717,0,1,0,0,0.110251695,Antoine Griezmann,Barcelona,106.8,34.7
15.226621424334423,33.48134065512051,0,0,1,0,0.09141455,Sergi Roberto Carnicer,Barcelona,107.3,48.4
11.880235687897779,44.31793960682735,0,0,0,1,0.2860311,Darwin Daniel Machís Marcano,Granada,111.5,31.7
17.90670265570968,42.51044707800084,0,0,0,0,0.053696465,Ousmane Dembélé,Barcelona,106.8,52.1
26.2373779177722,3.05869757409582,0,0,0,0,0.031419158,Lionel Andrés Messi Cuccittini,Barcelona,93.8,41.4
8.720665112249176,26.56505117707799,1,1,0,0,0.059971746,Samuel Yves Umtiti,Barcelona,112.2,36.1
28.07863956818421,4.289153328819022,0,0,0,0,0.050268207,Lionel Andrés Messi Cuccittini,Barcelona,92.0,37.9
11.194641575325226,41.378515295882636,1,0,0,1,0.11818707,Jorge Molina Vidal,Granada,111.6,32.6
25.84279396659735,36.02737338510361,0,0,1,0,0.02989931,Luis Javier Suárez Charris,Granada,99.1,55.2
26.748644825486018,35.41317607677715,0,0,0,0,0.024233807,Francisco António Machado Mota de Castro Trincão,Barcelona,98.2,55.5
17.463103962354463,20.09523119190481,1,0,1,0,0.026385948,Gerard Piqué Bernabéu,Barcelona,103.6,46.0
10.466135867644752,44.225779835071926,1,1,0,0,0.043142196,Gerard Piqué Bernabéu,Barcelona,112.5,32.7
22.84491190615538,46.24150985846518,0,1,0,0,0.03223021,Thomas Lemar,Atlético Madrid,104.2,23.5
28.504736448527282,40.7321066997092,0,0,0,0,0.011349107,Luis Alberto Suárez Díaz,Atlético Madrid,98.4,21.4
8.827797007181347,4.548042409125435,0,0,0,0,0.12975436,Ángel Martín Correa,Atlético Madrid,111.2,40.7
26.86000744601535,36.8272351224455,0,0,0,0,0.01912897,Antoine Griezmann,Barcelona,98.5,23.9
18.208239892971534,25.01689347810003,0,0,1,0,0.11268436,Marcos Llorente Moreno,Atlético Madrid,103.5,47.7
12.317873193047571,82.06724168582792,0,0,1,0,0.010014265,Luis Alberto Suárez Díaz,Atlético Madrid,118.3,27.8
16.977926846349646,66.75709721404752,0,1,1,0,0.015683703,Yannick Ferreira Carrasco,Atlético Madrid,113.3,24.4
17.810109488714556,12.319445256636591,0,1,1,0,0.11183241,Lionel Andrés Messi Cuccittini,Barcelona,102.6,43.8
9.104943712072032,51.24191434741504,1,1,0,0,0.05205782,Moriba Kourouma Kourouma,Barcelona,114.3,32.9
13.640014662748722,36.95390899254759,0,0,0,0,0.08884963,Yannick Ferreira Carrasco,Atlético Madrid,109.1,31.8
11.80169479354554,0.9710219310791807,0,0,0,0,0.099288896,Felipe Augusto de Almeida Monteiro,Atlético Madrid,108.2,40.2
9.93680028983173,20.623531383325236,1,0,0,0,0.09788224,Clément Lenglet,Barcelona,110.7,36.5
26.529417634015267,28.110599422147246,0,0,0,0,0.017875105,Luis Alberto Suárez Díaz,Atlético Madrid,96.6,52.5
19.116746585127917,39.26831897993653,0,0,0,0,0.037850484,Yannick Ferreira Carrasco,Atlético Madrid,105.2,27.9
8.71435597161374,3.289242678491825,0,1,0,0,0.07351296,Moriba Kourouma Kourouma,Barcelona,111.3,39.5
8.74757109145161,10.539183728628245,1,1,0,0,0.08341414,Gerard Piqué Bernabéu,Barcelona,111.4,38.4
28.99275771636772,44.44103451916783,0,0,0,0,0.010816168,Lionel Andrés Messi Cuccittini,Barcelona,99.3,60.3
10.890362712049582,7.386043151267264,1,1,0,0,0.041826356,Gerard Piqué Bernabéu,Barcelona,109.2,38.6
11.920570456148484,49.763641690726175,0,1,0,0,0.094216816,Antoine Griezmann,Barcelona,112.3,30.9
32.572534442379514,14.036243467926479,0,0,0,0,0.029000422,Moriba Kourouma Kourouma,Barcelona,88.4,32.1
7.151223671512452,20.4622715234222,1,1,0,0,0.19536367,Ousmane Dembélé,Barcelona,113.3,42.5
28.112808468738944,9.830886466217885,0,0,0,0,0.055833194,Lionel Andrés Messi Cuccittini,Barcelona,92.3,35.2
13.788400922514542,23.962488974578196,0,0,0,0,0.092869855,Pedro González López,Barcelona,107.4,45.6
14.808443537387712,1.93493230955277,0,0,1,0,0.2808055,Pedro González López,Barcelona,105.2,39.5
22.085742007005337,20.40422845905544,0,0,0,0,0.09009651,Lionel Andrés Messi Cuccittini,Barcelona,99.3,47.7
26.23833073958784,43.919075813339305,0,0,0,0,0.016432509,José Luis Morales Nogales,Levante UD,101.1,21.8
28.827764394763605,29.054604099077146,0,0,0,0,0.030152528,Clément Lenglet,Barcelona,94.8,26.0
23.742156599601476,37.64216129953216,0,0,0,0,0.018008176,José Luis Morales Nogales,Levante UD,101.2,54.5
14.705441169852746,19.051008731321225,0,0,1,1,0.17742667,Lionel Andrés Messi Cuccittini,Barcelona,106.1,44.8
14.873466307488643,41.72951207681645,0,0,0,0,0.12802587,Jordi Alba Ramos,Barcelona,108.9,30.1
19.949185447030167,4.024228468272701,0,0,1,0,0.08561085,Lionel Andrés Messi Cuccittini,Barcelona,100.1,41.4
14.549914089093443,60.79240352885731,0,0,1,0,0.043615576,Enis Bardhi,Levante UD,112.9,27.3
20.44137960119131,3.646271208756829,0,0,0,0,0.05682641,Lionel Andrés Messi Cuccittini,Barcelona,99.6,38.7
7.416872656315469,3.8654611698517436,0,0,0,1,0.73031336,Pedro González López,Barcelona,112.6,40.5
5.738466694161425,48.532294583890895,1,1,0,0,0.27041194,Ronald Federico Araújo da Silva,Barcelona,116.2,35.7
9.596353474106714,33.524473248576946,1,0,0,0,0.12703572,Sergio Busquets i Burgos,Barcelona,112.0,45.3
18.830825791770256,59.34933204294715,0,0,0,0,0.043584865,Lionel Andrés Messi Cuccittini,Barcelona,110.4,23.8
13.157507362718826,19.536654938128372,1,1,1,0,0.06563735,Roger Martí Salvador,Levante UD,107.6,44.4
12.103718436910208,14.839939161912916,1,0,1,0,0.112418555,Gonzalo Julián Melero Manzanares,Levante UD,108.3,43.1
21.203773249117717,1.0809241866606847,0,0,0,0,0.15608229,Frenkie de Jong,Barcelona,98.8,39.6
5.907622195096777,2.910837826167723,1,1,0,1,0.29242352,Gonzalo Julián Melero Manzanares,Levante UD,114.1,40.3
14.599315052426261,6.68690932618237,0,1,0,0,0.14952034,Lionel Andrés Messi Cuccittini,Barcelona,105.5,41.7
21.21744565210431,46.145762838175095,0,1,0,0,0.05393249,Pedro González López,Barcelona,105.3,55.3
15.781318069160125,42.68886854723861,0,0,1,0,0.073563784,José Luis Morales Nogales,Levante UD,108.4,29.3
19.24266093865399,37.822754149144984,0,0,1,1,0.06810596,José Luis Morales Nogales,Levante UD,104.8,28.2
24.15139747509448,6.418786730238792,0,0,1,0,0.04825952,Mickaël Malsa,Levante UD,96.0,37.3
16.086018774078312,38.43730149106254,0,0,1,1,0.25552386,Ousmane Dembélé,Barcelona,107.4,50.0
11.331813623599716,23.39776391592605,1,1,0,0,0.04024041,Roberto Suárez Pier,Levante UD,109.6,44.5
27.511633902769205,1.6663163618532397,0,0,0,0,0.033267852,Jorge De Frutos Sebastián,Levante UD,92.5,39.2
26.400000000000006,0.0,0,0,1,0,0.0370884,Daniel Gómez Alcón,Levante UD,93.6,40.0
9.767292357659821,47.48955292199919,0,1,1,1,0.07768235,Sergio León Limones,Levante UD,113.4,32.8
7.002856560004639,1.6365770416167416,1,1,0,0,0.08561921,Gerard Piqué Bernabéu,Barcelona,113.0,39.8
19.50230755577401,0.8814039965821294,0,0,1,0,0.034326866,Jorge Andújar Moreno,Levante UD,100.5,39.7
28.887713651308573,13.41087356438247,0,0,1,0,0.026078822,Sergio León Limones,Levante UD,91.9,33.3
21.73683509621398,27.390241970032857,0,0,0,0,0.030130971,Jorge Andújar Moreno,Levante UD,100.7,30.0
14.270599146496963,8.86826283320761,0,0,0,0,0.2651946,Pedro González López,Barcelona,105.9,37.8
14.329340529138111,17.043933936315685,1,0,0,0,0.048769183,Antoine Griezmann,Barcelona,106.3,44.2
7.151223671512452,20.4622715234222,0,0,0,0,0.37712702,Ronald Federico Araújo da Silva,Barcelona,113.3,42.5
18.813824704190264,43.70783311375008,0,0,1,0,0.06899321,José Luis Gayà Peña,Valencia,106.4,27.0
20.402205763103172,0.8425242607404064,0,0,0,0,0.07683218,Uroš Račić,Valencia,99.6,39.7
27.140007369195757,36.91212002546198,0,0,0,0,0.04494989,Lionel Andrés Messi Cuccittini,Barcelona,98.3,56.3
9.730878685915267,50.42059528376236,0,0,1,0,0.4286973,Gonçalo Manuel Ganchinho Guedes,Valencia,113.8,32.5
6.082762530298226,43.66778014613034,1,0,0,1,0.5143056,Gabriel Armando de Abreu,Valencia,115.6,44.2
12.971121771072847,62.447188423282206,0,0,1,0,0.0907733,Thierry Rendall Correia,Valencia,114.0,51.5
19.431160541768982,31.317741839743135,0,0,1,0,0.07414111,Antoine Griezmann,Barcelona,103.4,29.9
11.800423721205943,0.48554583000814056,0,0,0,0,0.7835,Lionel Andrés Messi Cuccittini,Barcelona,108.2,40.1
8.682165628459295,57.225122675735726,0,0,0,0,0.11593364,Pedro González López,Barcelona,115.3,32.7
3.0413812651491114,27.407575437818355,0,0,0,1,0.43860507,Lionel Andrés Messi Cuccittini,Barcelona,117.3,38.6
9.430270409696634,34.19560540246075,1,0,1,0,0.12002992,Frenkie de Jong,Barcelona,112.2,45.3
5.186520991955977,56.00354085174944,0,0,1,1,0.5839777,Antoine Griezmann,Barcelona,117.1,35.7
17.85497129653252,41.367049260511784,0,0,0,0,0.06148336,Jordi Alba Ramos,Barcelona,106.6,28.2
25.179356624028344,6.84277341263094,0,0,0,1,0.06724297,Lionel Andrés Messi Cuccittini,Barcelona,95.0,43.0
16.567739737212193,15.042800746053837,0,0,0,0,0.028735718,Uroš Račić,Valencia,104.0,44.3
11.928118040998752,34.75591255354137,0,0,0,0,0.07695855,Lionel Andrés Messi Cuccittini,Barcelona,110.2,33.2
23.312228550698453,28.43392410149028,0,0,0,0,0.027737176,Jordi Alba Ramos,Barcelona,99.5,28.9
29.75936827286494,13.802765626136189,0,0,1,1,0.026329285,Carlos Soler Barragán,Valencia,91.1,32.9
19.10628168953866,8.426969021480662,0,0,1,0,0.050553743,Kevin Gameiro,Valencia,101.1,42.8
32.41388591329339,7.980113745168523,0,0,0,0,0.016389068,Christian Gabriel Oliva Giménez,Valencia,87.9,44.5
21.500000000000004,53.13010235415597,0,0,0,0,0.041122954,Rafael Mir Vicente,Huesca,107.1,57.2
25.622255950637918,36.10957674263612,0,1,0,0,0.028305097,Sergino Dest,Barcelona,99.3,55.1
21.756838005555856,18.768060066843383,0,1,1,1,0.037069704,Lionel Andrés Messi Cuccittini,Barcelona,99.4,33.0
13.328165665236908,25.796026494499937,0,1,0,0,0.11486765,Lionel Andrés Messi Cuccittini,Barcelona,108.0,34.2
16.180543872194168,10.684912400002712,0,0,0,0,0.10047175,Pablo Maffeo Becerra,Huesca,104.1,43.0
25.50960603380617,1.5724304276733596,0,0,0,0,0.02686927,Lionel Andrés Messi Cuccittini,Barcelona,94.5,39.3
8.324061508662703,73.96005669395035,0,1,0,0,0.17537762,Jordi Alba Ramos,Barcelona,117.7,32.0
24.509997960016236,1.6365770416167247,0,0,1,1,0.045417245,Antoine Griezmann,Barcelona,95.5,40.7
6.774215821775981,8.488943880504713,0,0,0,0,0.24260828,Frenkie de Jong,Barcelona,113.3,41.0
20.34821859524809,40.81508387488157,0,0,0,0,0.056286238,Ousmane Dembélé,Barcelona,104.6,53.3
12.0,0.0,0,0,0,1,0.7835,Rafael Mir Vicente,Huesca,108.0,40.0
32.2490309931942,7.125016348901798,0,0,0,0,0.02805511,Lionel Andrés Messi Cuccittini,Barcelona,88.0,36.0
6.826419266350403,31.827446576673132,1,0,0,1,0.1422084,Óscar Mingueza García,Barcelona,114.2,36.4
2.5961509971494348,74.35775354279122,0,0,1,0,0.8665923,Rafael Mir Vicente,Huesca,119.3,42.5
11.900420160649796,0.4814658058383591,1,1,0,0,0.054010592,Pablo Ínsua Blanco,Huesca,108.1,39.9
28.44116734594415,66.589791687714,0,0,1,0,0.029017191,Lionel Andrés Messi Cuccittini,Barcelona,108.7,13.9
7.1175838597097005,65.95577673063214,1,0,1,0,0.17957594,Rafael Mir Vicente,Huesca,117.1,33.5
23.59343128923811,48.60846885256636,0,1,1,0,0.03496348,David Ferreiro Quiroga,Huesca,104.4,57.7
21.801376103356407,42.3974377975002,0,0,1,0,0.04132724,Rafael Mir Vicente,Huesca,103.9,25.3
26.484146201076605,16.450584184273485,0,1,1,1,0.031428445,Lionel Andrés Messi Cuccittini,Barcelona,94.6,47.5
21.2438226315322,25.96195998269747,0,0,1,0,0.096754916,Lionel Andrés Messi Cuccittini,Barcelona,100.9,30.7
17.542234749312872,35.95533346558935,0,0,0,1,0.12135693,Lionel Andrés Messi Cuccittini,Barcelona,105.8,29.7
9.72008230417829,36.63411387596741,0,0,0,0,0.172511,Takefusa Kubo,Getafe,112.2,45.8
9.170605214488297,25.167870149781614,0,0,1,0,0.38125086,Ángel Luis Rodríguez Díaz,Getafe,111.7,36.1
20.164572894063493,33.05960296458064,0,1,0,0,0.072197124,Lionel Andrés Messi Cuccittini,Barcelona,103.1,29.0
23.067076104266015,31.347142643213196,0,0,0,0,0.02507951,Lionel Andrés Messi Cuccittini,Barcelona,100.3,52.0
18.466456075814868,46.974934010881995,0,0,0,0,0.06314573,Lionel Andrés Messi Cuccittini,Barcelona,107.4,53.5
7.694153624668539,81.02737338510359,0,0,0,1,0.10368549,Lionel Andrés Messi Cuccittini,Barcelona,118.8,47.6
7.984985911070857,22.0678995624102,1,1,0,0,0.094237916,Sofian Chakla,Getafe,112.6,37.0
12.200000000000003,0.0,0,0,0,1,0.7835,Enes Ünal,Getafe,107.8,40.0
9.52102935611481,53.97262661489643,1,1,0,0,0.07121298,José Antonio Miranda Boacho,Getafe,114.4,32.3
4.741307836451884,62.35402463626131,1,1,0,1,0.2115384,Ronald Federico Araújo da Silva,Barcelona,117.8,44.2
15.493547043850223,43.16925135197452,0,0,0,0,0.14262015,Lionel Andrés Messi Cuccittini,Barcelona,108.7,50.6
12.425779653607258,3.6913859864512606,0,0,0,1,0.7835,Antoine Griezmann,Barcelona,107.6,40.8
29.231831964486933,24.02219278712635,0,0,1,0,0.017940493,Mikel Oyarzabal Ugarte,Real Sociedad,93.3,51.9
19.616319736382763,16.58733855692742,0,1,0,0,0.091919795,Lionel Andrés Messi Cuccittini,Barcelona,101.2,34.4
21.124866863485792,13.970461890040882,0,0,1,0,0.049781468,Lionel Andrés Messi Cuccittini,Barcelona,99.5,45.1
9.642613753542134,49.20535700170859,0,0,1,0,0.14847913,Alexander Isak,Real Sociedad,113.7,32.7
21.000238093888363,0.2728349830680959,0,0,1,0,0.06955153,Pedro González López,Barcelona,99.0,39.9
6.762396025078688,23.532348560901028,0,0,1,0,0.5343967,Ousmane Dembélé,Barcelona,113.8,37.3
7.340980860893184,24.120983119442574,0,0,1,1,0.36322647,Antoine Griezmann,Barcelona,113.3,37.0
18.625251676151926,31.385817255170636,0,0,1,0,0.10617723,Alexander Isak,Real Sociedad,104.1,30.3
12.764011908487083,54.566685989714394,0,0,0,1,0.2974366,Sergino Dest,Barcelona,112.6,50.4
26.109385285755003,35.33359751696024,0,0,0,0,0.027093582,Clément Lenglet,Barcelona,98.7,24.9
25.91466766138436,39.83387928142082,0,0,1,0,0.030174686,Martín Merquelanz Castellanos,Real Sociedad,100.1,23.4
7.647875521999555,27.235146699302533,0,0,1,1,0.46608183,Sergino Dest,Barcelona,113.2,43.5
11.180339887498949,10.304846468766033,0,1,1,1,0.29380873,Lionel Andrés Messi Cuccittini,Barcelona,109.0,38.0
10.278618584226185,72.44645517366015,0,0,0,0,0.11129596,Ousmane Dembélé,Barcelona,116.9,49.8
25.843567865138127,9.352979250093256,0,0,0,0,0.045836944,Jordi Alba Ramos,Barcelona,94.5,44.2
19.541238445912274,37.51496104962666,0,0,1,1,0.08974491,Ousmane Dembélé,Barcelona,104.5,28.1
27.987318556803544,38.1802230860391,0,1,0,0,0.013283472,Adnan Januzaj,Real Sociedad,98.0,57.3
20.61674077054858,26.813621329137565,0,0,1,1,0.10287425,Ander Barrenetxea Muguruza,Real Sociedad,101.6,49.3
27.457785781085843,33.86369056881828,0,0,0,0,0.045369234,Lionel Andrés Messi Cuccittini,Barcelona,97.2,24.7
19.386851214160586,19.276098853467857,0,0,1,0,0.058957785,Jon Bautista Orgilles,Real Sociedad,101.7,46.4
19.112822920751405,20.520959014836883,0,0,1,0,0.10171633,Carlos Fernández Luna,Real Sociedad,102.1,46.7
23.73604853382298,20.725558865560537,0,0,1,0,0.04333997,Jon Bautista Orgilles,Real Sociedad,97.8,31.6
12.184005909387935,20.666123430953242,0,0,1,1,0.23352109,Lionel Andrés Messi Cuccittini,Barcelona,108.6,35.7
15.673225577397906,12.52880770915151,0,0,1,0,0.05765207,Adnan Januzaj,Real Sociedad,104.7,36.6
17.14322023425004,28.957217598788247,0,0,1,0,0.069486305,Lionel Andrés Messi Cuccittini,Barcelona,105.0,31.7
16.729614460590533,62.209557520547904,0,0,0,0,0.039226905,Antoine Griezmann,Barcelona,112.2,54.8
15.882380174268594,8.691307535884844,1,0,1,0,0.036171906,Pedro González López,Barcelona,104.3,42.4
24.239636960977773,26.987890581748495,0,1,0,0,0.04054099,Adnan Januzaj,Real Sociedad,98.4,51.0
9.042676594902638,51.73601121411939,1,1,0,0,0.06310264,Ronald Federico Araújo da Silva,Barcelona,114.4,47.1
17.773013250431116,39.0625839005185,0,0,0,0,0.0970181,Sergino Dest,Barcelona,106.2,51.2
25.144780770569472,8.00120318013817,0,1,0,0,0.0359955,Lionel Andrés Messi Cuccittini,Barcelona,95.1,43.5
4.810405388322275,46.68468431789632,0,1,0,1,0.87173116,Willian José da Silva,Real Sociedad,116.7,36.5
16.99558766268468,27.318899510148757,0,0,1,1,0.09473692,Jordi Alba Ramos,Barcelona,104.9,32.2
20.96592473515061,18.348529914830472,0,0,0,0,0.090386756,Adnan Januzaj,Real Sociedad,100.1,33.4
11.810588469674153,64.95379922035723,0,0,1,0,0.14346547,Antoine Griezmann,Barcelona,115.0,50.7
12.06026533704793,37.24996357708071,0,0,1,0,0.4491981,Martin Braithwaite Christensen,Barcelona,110.4,32.7
8.800568163476717,0.6510603802294956,0,1,0,1,0.40994686,Frenkie de Jong,Barcelona,111.2,40.1
17.426990560621757,29.94878000740903,0,0,1,0,0.10391681,Lionel Andrés Messi Cuccittini,Barcelona,104.9,31.3
2.4000000000000057,0.0,0,0,0,0,0.9197092,Antoine Griezmann,Barcelona,117.6,40.0
12.841339493993603,56.43368126542669,0,1,0,0,0.14785951,Antoine Griezmann,Barcelona,112.9,29.3
25.902316498722655,5.094296574317552,0,0,0,0,0.03899057,Mikel Merino Zazón,Real Sociedad,94.2,37.7
20.115914098046844,39.149123667270736,0,0,1,0,0.029353863,Willian José da Silva,Real Sociedad,104.4,27.3
19.426270872197787,40.82523010808755,0,0,1,0,0.03842667,Carles Aleña Castillo,Barcelona,105.3,27.3
10.538026380684382,46.153450451105385,0,1,0,0,0.27028278,Alexander Isak,Real Sociedad,112.7,47.6
12.587692401707313,51.12693300549405,1,1,0,0,0.040686663,Willian José da Silva,Real Sociedad,112.1,49.8
17.160710940983765,11.768288932020647,0,0,1,0,0.06765859,Martín Zubimendi Ibáñez,Real Sociedad,103.2,36.5
23.841140912296957,3.366460663429798,0,1,1,0,0.03666588,Mikel Merino Zazón,Real Sociedad,96.2,38.6
10.017983829094558,63.94650468950903,0,0,1,0,0.10211778,Ignacio Monreal Eraso,Real Sociedad,115.6,31.0
19.021303845951255,2.71198346744494,0,1,0,0,0.06497119,Willian José da Silva,Real Sociedad,101.0,40.9
8.184130986244048,26.878139752098672,0,1,0,0,0.27344212,Alexander Isak,Real Sociedad,112.7,43.7
33.42828143952364,6.699823564322857,0,0,0,0,0.027688935,Rubén Alcaraz Jiménez,Real Valladolid,86.8,43.9
17.611927776367924,56.58061918222811,0,1,1,0,0.061523218,Marcos André de Sousa Mendonça,Real Valladolid,110.3,25.3
21.70829334609241,1.583811570861947,0,0,1,0,0.071120165,Lionel Andrés Messi Cuccittini,Barcelona,98.3,40.6
18.73846311734236,22.596344514421954,0,0,1,0,0.04763609,Lionel Andrés Messi Cuccittini,Barcelona,102.7,32.8
6.841052550594822,15.255118703057764,1,0,0,1,0.22927417,Clément Lenglet,Barcelona,113.4,41.8
26.96701689100965,26.66006896644464,0,0,0,0,0.029678088,Lionel Andrés Messi Cuccittini,Barcelona,95.9,52.1
7.961155694998058,32.69198418257205,0,1,1,0,0.18661515,Martin Braithwaite Christensen,Barcelona,113.3,44.3
3.6124783736376895,41.63353933657016,0,0,0,1,0.75549823,Martin Braithwaite Christensen,Barcelona,117.3,42.4
15.592626462530296,32.161183720099174,0,0,1,0,0.12011827,Lionel Andrés Messi Cuccittini,Barcelona,106.8,48.3
20.000000000000004,16.26020470831196,0,0,1,0,0.07564912,Martin Braithwaite Christensen,Barcelona,100.8,45.6
19.51332877804298,6.178064902128335,0,0,1,0,0.08641284,Miralem Pjanić,Barcelona,100.6,42.1
19.556328898850108,24.468201829122727,0,0,0,0,0.19114502,Lionel Andrés Messi Cuccittini,Barcelona,102.2,48.1
15.420116731075675,52.90716270295847,0,0,0,0,0.11572165,Martin Braithwaite Christensen,Barcelona,110.7,27.7
28.094483444263574,30.12431799836121,0,0,0,0,0.025438597,João Pedro Neves Filipe,Real Valladolid,95.7,54.1
13.440610105199836,17.760911924937513,0,0,0,0,0.41636172,Martin Braithwaite Christensen,Barcelona,107.2,35.9
28.78367592924851,70.30600596990271,0,0,0,0,0.0089436425,Pablo Hervías Ruiz,Real Valladolid,110.3,12.9
14.508618128546908,38.844831656726015,0,0,0,0,0.08781145,Lionel Andrés Messi Cuccittini,Barcelona,108.7,30.9
26.25147614897113,26.467443469947337,0,0,1,0,0.0358443,Rubén Alcaraz Jiménez,Real Valladolid,96.5,28.3
16.531485111749642,23.153081564113542,0,0,0,0,0.14037842,Lionel Andrés Messi Cuccittini,Barcelona,104.8,33.5
20.259565641938135,26.059141327373837,0,0,0,0,0.03783032,Miralem Pjanić,Barcelona,101.8,48.9
7.335529974037325,62.38697217691549,1,1,0,0,0.11257669,Javier Sánchez de Felipe,Real Valladolid,116.6,33.5
13.96280774056565,38.018942593170216,0,0,0,1,0.49982464,Lionel Andrés Messi Cuccittini,Barcelona,109.0,31.4
24.74065480135884,36.45303999265578,0,0,0,0,0.049908273,Roque Mesa Quevedo,Real Valladolid,100.1,25.3
17.807021087200404,1.6090089060473987,0,0,0,0,0.1112897,Fabián Ariel Orellana Valenzuela,Real Valladolid,102.2,39.5
20.892582415776182,32.09259132873416,0,0,0,0,0.04020629,Enrique Pérez Muñoz,Real Valladolid,102.3,28.9
11.900420160649794,48.40644375499469,0,0,1,0,0.10538758,Lionel Andrés Messi Cuccittini,Barcelona,112.1,31.1
13.674063039199432,34.271140701989964,0,0,0,0,0.07105544,Sergio Guardiola Navarro,Real Valladolid,108.7,32.3
15.901257811883944,0.7206636225176658,0,0,0,0,0.086523995,Roque Mesa Quevedo,Real Valladolid,104.1,39.8
24.340295807569795,12.094757077012106,0,0,1,0,0.04163914,Fabián Ariel Orellana Valenzuela,Real Valladolid,96.2,45.1
19.593111034238536,20.93253536510311,0,0,0,0,0.05710108,Philippe Coutinho Correia,Barcelona,101.7,33.0
13.23064624271997,57.03059609653786,0,0,1,0,0.12002716,Martin Braithwaite Christensen,Barcelona,112.8,28.9
11.322985472038724,51.81435288940975,0,0,0,0,0.13615698,Lionel Andrés Messi Cuccittini,Barcelona,113.0,31.1
22.58340098390851,13.051665342111283,0,0,1,0,0.047986306,Lionel Andrés Messi Cuccittini,Barcelona,98.0,45.1
24.69109151090733,11.446459092938532,0,0,1,0,0.037747677,Frenkie de Jong,Barcelona,95.8,35.1
3.2015621187164247,75.52970589993417,0,0,0,1,0.8322185,Álvaro Giménez Candela,Cádiz,119.2,43.1
12.997307413460684,71.1468412355809,0,0,0,0,0.033501506,Philippe Coutinho Correia,Barcelona,115.8,27.7
17.27425830535134,47.81555668421124,0,0,1,0,0.099161826,Martin Braithwaite Christensen,Barcelona,108.4,52.8
33.16338342208165,11.479345875965553,0,0,0,0,0.028775528,Lionel Andrés Messi Cuccittini,Barcelona,87.5,46.6
24.698178070456933,5.110417561031234,0,0,0,0,0.055800863,Lionel Andrés Messi Cuccittini,Barcelona,95.4,42.2
19.05911855254591,32.35590918784277,0,0,1,0,0.043071486,Jordi Alba Ramos,Barcelona,103.9,29.8
25.27231687044146,14.201202070240784,0,0,0,0,0.033579685,Pedro González López,Barcelona,95.5,33.8
19.148106956041378,16.06870083146621,0,0,0,0,0.03418125,Lionel Andrés Messi Cuccittini,Barcelona,101.6,34.7
15.243359209832981,70.8518625420604,0,1,0,0,0.016663868,Alberto Perea Correoso,Cádiz,115.0,25.6
21.503488089144984,18.434948822922,0,0,0,0,0.07511334,Lionel Andrés Messi Cuccittini,Barcelona,99.6,33.2
22.128940327092028,15.732004785107305,0,0,0,0,0.0844549,Alberto Perea Correoso,Cádiz,98.7,34.0
20.278066969018518,14.858614447924673,0,0,0,0,0.058033038,Jairo Izquierdo González,Cádiz,100.4,45.2
5.515432893255066,22.380135051959613,0,0,0,1,0.8948486,Álvaro Negredo Sánchez,Cádiz,114.9,42.1
27.78362827277964,24.90476880809518,0,0,0,0,0.04378171,Lionel Andrés Messi Cuccittini,Barcelona,94.8,28.3
15.274161188098024,45.5305013166738,0,1,0,0,0.18484822,Sergino Dest,Barcelona,109.3,50.9
22.469757453074564,22.227568582569027,0,0,0,0,0.04857075,Lionel Andrés Messi Cuccittini,Barcelona,99.2,48.5
32.55042242429428,40.63947909754061,0,0,0,0,0.008729356,Lionel Andrés Messi Cuccittini,Barcelona,95.3,61.2
13.403357788255894,54.41262943686616,0,0,0,0,0.24093509,Iván Alejo Peralta,Cádiz,112.2,50.9
15.938004893963365,3.9575531141278573,0,1,0,0,0.052006382,Lionel Andrés Messi Cuccittini,Barcelona,104.1,41.1
16.671532623007398,55.26137471723438,0,0,1,0,0.046075664,Pedro González López,Barcelona,110.5,26.3
23.551220775153045,13.505195837194183,0,0,0,0,0.039142195,Lionel Andrés Messi Cuccittini,Barcelona,97.1,34.5
11.62110149684616,56.58341860468705,0,0,0,0,0.35434714,Miralem Pjanić,Barcelona,113.6,30.3
18.828170383762735,26.156774623052982,0,1,0,0,0.16040003,Omobolaji Habeeb Adekanye,Cádiz,103.1,31.7
17.7098842458103,26.854421340518595,0,0,0,0,0.097632065,Antoine Griezmann,Barcelona,104.2,48.0
13.685393673548454,63.99665415548856,0,0,0,0,0.1043663,Antoine Griezmann,Barcelona,114.0,27.7
28.50438562747845,31.515323411369735,0,0,0,0,0.019929864,Miralem Pjanić,Barcelona,95.7,25.1
39.395558125250616,30.340187558130445,0,1,0,0,0.0071646436,Álvaro Negredo Sánchez,Cádiz,86.0,59.9
19.30414463269481,1.1873073157288225,0,0,0,0,0.08846703,Lionel Andrés Messi Cuccittini,Barcelona,100.7,40.4
15.492256130079957,29.377899737289113,0,0,0,1,0.14590277,Iñaki Williams Arthuer,Athletic Club,106.5,32.4
14.520674915443838,53.682523881268246,0,0,1,0,0.112238325,Yuri Berchiche Izeta,Athletic Club,111.4,28.3
11.40613869808709,27.68835389115342,0,1,0,0,0.21980739,Sergino Dest,Barcelona,109.9,45.3
13.118688958886095,56.18879992825181,0,0,1,0,0.08619522,Iker Muniain Goñi,Athletic Club,112.7,29.1
16.601204775557704,58.79948539601939,0,1,0,0,0.064354055,Iñaki Williams Arthuer,Athletic Club,111.4,54.2
26.126614782631137,33.44677480771494,0,0,1,0,0.02880323,Ousmane Dembélé,Barcelona,98.2,54.4
8.28794304999739,41.576128755069305,1,0,0,1,0.3094432,Pedro González López,Barcelona,113.8,34.5
15.780050697003482,71.90951063130781,0,0,0,0,0.012008104,Jordi Alba Ramos,Barcelona,115.1,25.0
22.901964981197573,36.119340849479755,0,0,0,0,0.04839525,Ousmane Dembélé,Barcelona,101.5,53.5
19.61147623204332,32.71767241863934,0,0,0,1,0.083078615,Lionel Andrés Messi Cuccittini,Barcelona,103.5,29.4
20.85425616031414,30.869520137585965,0,0,1,0,0.07645778,Antoine Griezmann,Barcelona,102.1,29.3
18.713097017864257,2.1437608652234177,0,1,1,0,0.18456303,Lionel Andrés Messi Cuccittini,Barcelona,101.3,39.3
22.64972406012929,3.7972478804384306,0,0,0,0,0.080862835,Unai Vencedor Paris,Athletic Club,97.4,41.5
6.708203932499369,63.43494882292201,0,0,0,0,0.19917129,Raúl García Escudero,Athletic Club,117.0,34.0
23.413671220037244,1.9580674292340343,0,0,1,0,0.042003106,Lionel Andrés Messi Cuccittini,Barcelona,96.6,40.8
11.289818421923357,32.70473357700185,0,0,0,1,0.12407768,Lionel Andrés Messi Cuccittini,Barcelona,110.5,33.9
15.94521871910198,4.316027519865633,0,0,1,0,0.15395764,Lionel Andrés Messi Cuccittini,Barcelona,104.1,38.8
36.63945960300179,34.21052963272111,0,0,0,0,0.0070316833,Antoine Griezmann,Barcelona,89.7,19.4
14.512408483776909,2.369508064255294,0,0,0,0,0.18285842,Antoine Griezmann,Barcelona,105.5,39.4
23.482972554597943,40.3366508941604,0,0,1,0,0.036633816,Alejandro Berenguer Remiro,Athletic Club,102.1,55.2
19.777259668619408,22.285587646832766,0,0,1,1,0.116129294,Iker Muniain Goñi,Athletic Club,101.7,32.5
8.827797007181347,4.548042409125435,0,0,1,0,0.266739,Antoine Griezmann,Barcelona,111.2,40.7
9.5524865872714,6.009005957494525,1,1,1,0,0.058639955,Moriba Kourouma Kourouma,Barcelona,110.5,41.0
21.020466217474816,53.51170513842468,0,1,1,0,0.040493246,Francisco António Machado Mota de Castro Trincão,Barcelona,107.5,56.9
24.014162487998618,82.34229030628612,0,0,1,0,0.006312351,Lionel Andrés Messi Cuccittini,Barcelona,116.8,16.2
16.523922052587878,38.118276369363045,0,0,1,0,0.11578755,Lucas Pérez Martínez,Deportivo Alavés,107.0,29.8
20.13082213919739,22.488503054753433,0,0,0,0,0.0634542,Rodrigo Andrés Battaglia,Deportivo Alavés,101.4,47.7
12.66688596301395,5.890626416204091,0,0,0,1,0.094767705,Francisco António Machado Mota de Castro Trincão,Barcelona,107.4,38.7
17.801685313475236,59.25703535965008,0,0,0,0,0.031467464,Lucas Pérez Martínez,Deportivo Alavés,110.9,24.7
27.940114530903415,39.04412297900562,0,1,0,0,0.018497137,Lionel Andrés Messi Cuccittini,Barcelona,98.3,57.6
26.65520587052368,23.19859051364819,0,0,0,1,0.032672465,Lionel Andrés Messi Cuccittini,Barcelona,95.5,50.5
12.04200979903272,65.98920093610036,0,1,1,0,0.14918888,Lucas Pérez Martínez,Deportivo Alavés,115.1,29.0
7.605918747922574,24.880366859181702,1,1,0,0,0.11680011,Clément Lenglet,Barcelona,113.1,43.2
24.520399670478458,36.54276379722856,0,0,0,0,0.04689946,Lucas Pérez Martínez,Deportivo Alavés,100.3,54.6
15.601602481796537,20.642010315637204,0,0,0,1,0.20239483,Luis Jesús Rioja González,Deportivo Alavés,105.4,34.5
23.717082451262847,2.17474411461005,0,0,0,0,0.084337875,Lionel Andrés Messi Cuccittini,Barcelona,96.3,40.9
13.624243098242188,35.43990351911371,0,0,0,0,0.44745404,Francisco António Machado Mota de Castro Trincão,Barcelona,108.9,47.9
18.306829326784037,24.184934033632686,0,0,0,0,0.086829886,Lionel Andrés Messi Cuccittini,Barcelona,103.3,32.5
11.389907813498752,43.22119968432615,0,0,0,0,0.18216425,Antoine Griezmann,Barcelona,111.7,32.2
20.73861133248801,29.779149103569846,0,0,1,0,0.036708944,Ricard Puig Martí,Barcelona,102.0,29.7
16.4502279619463,34.849351719732596,0,0,0,1,0.33609983,Francisco António Machado Mota de Castro Trincão,Barcelona,106.5,49.4
24.851559307214504,3.6913859864512797,0,0,1,1,0.0511018,Lionel Andrés Messi Cuccittini,Barcelona,95.2,41.6
4.810405388322275,46.68468431789632,0,1,1,1,0.775584,Héctor Junior Firpo Adames,Barcelona,116.7,36.5
16.584932921178794,48.91157181252865,0,0,0,0,0.05737701,Lionel Andrés Messi Cuccittini,Barcelona,109.1,27.5
34.74852514855846,26.491311475818364,0,1,0,0,0.006895869,Rubén Alcaraz Jiménez,Real Valladolid,88.9,24.5
11.456002793295752,45.70731936854427,1,1,0,0,0.04200279,Kenan Kodro,Real Valladolid,112.0,48.2
10.400961494015833,33.23171106797936,1,1,0,0,0.05892598,Óscar Mingueza García,Barcelona,111.3,34.3
24.782251713676054,6.952957468173917,0,0,0,0,0.07077411,Lionel Andrés Messi Cuccittini,Barcelona,95.4,37.0
26.718720029222958,2.1449068037322885,0,1,0,0,0.045960426,Roque Mesa Quevedo,Real Valladolid,93.3,39.0
18.56071119327059,25.87477397921291,0,0,0,0,0.0886227,Roque Mesa Quevedo,Real Valladolid,103.3,48.1
15.728000508646984,30.15154798182211,0,1,0,0,0.08671496,Lionel Andrés Messi Cuccittini,Barcelona,106.4,32.1
7.623647421018362,4.513988458001276,1,1,1,0,0.094372034,Ousmane Dembélé,Barcelona,112.4,39.4
17.670597047072288,28.01526746801143,0,0,0,0,0.11850036,Lionel Andrés Messi Cuccittini,Barcelona,104.4,31.7
25.894014752448104,10.007979801441337,0,0,0,0,0.04034434,Pedro González López,Barcelona,94.5,35.5
25.572641631243343,33.19293657840144,0,0,1,0,0.031218188,Antoine Griezmann,Barcelona,98.6,26.0
23.551220775153045,13.505195837194183,0,0,0,0,0.02935574,Ousmane Dembélé,Barcelona,97.1,45.5
26.975729832573577,19.039453959839967,0,0,0,0,0.026764685,Jordi Alba Ramos,Barcelona,94.5,31.2
24.67893838883675,8.622604087919319,0,0,0,0,0.069491625,Lionel Andrés Messi Cuccittini,Barcelona,95.6,43.7
32.067740799750766,19.112973733673314,0,0,0,0,0.022888316,Clément Lenglet,Barcelona,89.7,29.5
19.003157632351527,40.73210669970917,0,1,1,0,0.07399258,Lucas René Olaza Catrofe,Real Valladolid,105.6,27.6
27.606702084819915,18.369317947259272,0,0,0,0,0.028926669,Lionel Andrés Messi Cuccittini,Barcelona,93.8,48.7
18.993156662334986,41.15754687208515,0,0,0,0,0.089324,Ousmane Dembélé,Barcelona,105.7,52.5
12.073938876770907,31.452061011999504,1,0,0,0,0.23962171,Antoine Griezmann,Barcelona,109.7,33.7
29.024472432759225,26.829898810805346,0,0,0,0,0.047556136,Lionel Andrés Messi Cuccittini,Barcelona,94.1,53.1
19.99124808509964,9.792146242917472,0,0,1,0,0.08495896,Óscar Plano Pedreño,Real Valladolid,100.3,43.4
22.322410264126948,25.187462277228217,0,0,0,0,0.06012288,Francisco António Machado Mota de Castro Trincão,Barcelona,99.8,49.5
25.124689052802225,42.58049078334367,0,1,1,0,0.027335716,Ousmane Dembélé,Barcelona,101.5,23.0
25.900193049473593,0.22121812666486945,0,0,0,0,0.032605354,Lionel Andrés Messi Cuccittini,Barcelona,94.1,39.9
14.977650015940414,8.833414651218993,0,1,0,0,0.044615436,Martin Braithwaite Christensen,Barcelona,105.2,42.3
22.514439810930227,7.914164509047654,0,1,0,0,0.035978932,Francisco António Machado Mota de Castro Trincão,Barcelona,97.7,36.9
30.566812067992963,34.46990747236065,0,0,1,0,0.012275952,Marcos André de Sousa Mendonça,Real Valladolid,94.8,22.7
28.915220905260256,28.958373454739537,0,0,0,0,0.020810818,Ousmane Dembélé,Barcelona,94.7,54.0
5.508175741568162,74.19748604606447,1,0,0,0,0.1587177,Moriba Kourouma Kourouma,Barcelona,118.5,34.7
7.1281133548787,34.13594007791225,1,1,1,0,0.16704533,Ronald Federico Araújo da Silva,Barcelona,114.1,44.0
11.928118040998754,55.24408744645864,0,0,1,1,0.1926022,Ousmane Dembélé,Barcelona,113.2,30.2
26.184155514356387,6.799321441958478,0,1,1,0,0.028431296,Ricard Puig Martí,Barcelona,94.0,36.9
21.9207664099593,31.94997144633317,0,0,0,0,0.05545957,Ousmane Dembélé,Barcelona,101.4,51.6
44.97654944523868,54.68445515883944,0,0,0,0,0.01042328,Lionel Andrés Messi Cuccittini,Barcelona,94.0,76.7
18.038015411901604,43.427569572326654,0,0,0,1,0.18561214,Ousmane Dembélé,Barcelona,106.9,27.6
20.415680248279752,34.62415507994896,0,0,1,0,0.07768283,Sergino Dest,Barcelona,103.2,51.6
23.934076125892137,48.048374940298295,0,1,1,0,0.028403657,Jesús Navas González,Sevilla,104.0,57.8
11.16288493177279,9.79984866886763,0,0,1,0,0.08826354,Ousmane Dembélé,Barcelona,109.0,41.9
13.446189051177289,59.62087398863167,0,0,1,0,0.15008782,Sergino Dest,Barcelona,113.2,51.6
17.042593699317017,11.507730696912837,0,0,1,0,0.09164401,Lionel Andrés Messi Cuccittini,Barcelona,103.3,36.6
13.155227098001767,18.159490466786774,1,1,0,0,0.033580188,Sergio Escudero Palomo,Sevilla,107.5,35.9
29.546573405388312,12.907408671265843,0,1,1,0,0.027327666,Jesús Navas González,Sevilla,91.2,46.6
10.01848291908511,27.332359492167676,0,0,1,0,0.47366056,Lionel Andrés Messi Cuccittini,Barcelona,111.1,35.4
4.875448697299559,64.48612957246581,0,1,1,1,0.7965053,Lionel Andrés Messi Cuccittini,Barcelona,117.9,35.6
9.588013350011561,59.95863607372088,0,0,0,0,0.36933398,Lionel Andrés Messi Cuccittini,Barcelona,115.2,48.3
19.506409203131156,51.661301639770166,0,0,1,0,0.056701466,Antoine Griezmann,Barcelona,107.9,24.7
22.41985726984006,12.3624924157143,0,0,0,0,0.04862372,Miralem Pjanić,Barcelona,98.1,44.8
8.139410298049853,47.48955292199916,0,0,0,0,0.1947482,Lionel Andrés Messi Cuccittini,Barcelona,114.5,34.0
24.82901528454159,2.7702157972001995,0,0,0,1,0.070312485,Lionel Andrés Messi Cuccittini,Barcelona,95.2,41.2
26.394885868288956,31.522177246758684,0,0,0,0,0.02427977,Yuri Berchiche Izeta,Athletic Club,97.5,26.2
23.71181140275875,42.436229788535,0,0,1,0,0.037534337,Ronald Federico Araújo da Silva,Barcelona,102.5,56.0
19.681463360228065,37.56859202882751,0,0,1,0,0.088365294,Ousmane Dembélé,Barcelona,104.4,52.0
20.9861859326558,5.194428907734801,0,0,0,0,0.032157544,Lionel Andrés Messi Cuccittini,Barcelona,99.1,38.1
25.77692766797471,30.544433629756195,0,0,1,0,0.030956576,Yuri Berchiche Izeta,Athletic Club,97.8,26.9
46.37811984114923,9.056120013218953,0,0,1,0,0.005635465,Iñaki Williams Arthuer,Athletic Club,74.2,47.3
9.751410154434078,5.885987833028265,1,0,1,0,0.09609764,Miralem Pjanić,Barcelona,110.3,39.0
7.169379331573971,30.141385552075338,1,0,0,0,0.17660448,Antoine Griezmann,Barcelona,113.8,36.4
19.307252523339514,46.04925594088006,0,1,0,0,0.040407646,Alejandro Berenguer Remiro,Athletic Club,106.6,53.9
8.139410298049848,5.640549432156807,0,0,1,1,0.4385271,Antoine Griezmann,Barcelona,111.9,40.8
12.265398485169573,24.057349450011728,0,0,0,0,0.058877036,Raúl García Escudero,Athletic Club,108.8,45.0
26.8330020683486,42.130054863481305,0,0,0,0,0.019761236,Raúl García Escudero,Athletic Club,100.1,22.0
17.613914953808536,34.59228868750995,0,0,0,0,0.0468683,Yeray Álvarez López,Athletic Club,105.5,50.0
14.07195793057953,39.23211110208584,0,1,0,0,0.11953281,Jordi Alba Ramos,Barcelona,109.1,31.1
12.515989773086261,22.056433527039374,0,0,1,0,0.43734065,Philippe Coutinho Correia,Barcelona,108.4,44.7
31.50015872975881,0.18189075249718617,0,0,0,0,0.02482484,Lionel Andrés Messi Cuccittini,Barcelona,88.5,40.1
15.839823231336892,45.51155586658706,0,0,1,0,0.095153406,Lionel Andrés Messi Cuccittini,Barcelona,108.9,28.7
29.349105608178245,44.03365680315127,0,0,1,0,0.008915967,Antoine Griezmann,Barcelona,98.9,19.6
14.991330828181999,45.54051018713067,0,0,0,0,0.047594182,Antoine Griezmann,Barcelona,109.5,29.3
8.600581375697804,0.6661999701831515,0,0,1,0,0.30100262,Ante Budimir,Osasuna,111.4,40.1
26.593984282164268,29.26386459854104,0,0,0,0,0.02650422,Philippe Coutinho Correia,Barcelona,96.8,27.0
15.51676512679109,7.0334164596949265,0,0,0,0,0.5476993,Antoine Griezmann,Barcelona,104.6,38.1
18.955210365490544,9.412629436866158,0,0,0,0,0.059423734,Philippe Coutinho Correia,Barcelona,101.3,36.9
6.657326790837291,32.73522627210764,0,0,0,0,0.5379483,Philippe Coutinho Correia,Barcelona,114.4,36.4
4.68721665810318,11.070202577939359,0,0,0,0,0.538664,Martin Braithwaite Christensen,Barcelona,115.4,39.1
3.5440090293338753,16.38954033403476,0,0,0,1,0.38343006,Martin Braithwaite Christensen,Barcelona,116.6,39.0
21.86343980255623,20.34134041269241,0,0,0,1,0.04598454,Antoine Griezmann,Barcelona,99.5,32.4
40.197636746455636,40.864117478240985,0,0,0,0,0.011511844,Philippe Coutinho Correia,Barcelona,89.6,13.7
67.40363491682032,27.477448305025096,0,0,1,0,0.0034244903,Jon Moncayola Tollar,Osasuna,60.2,71.1
25.961509971494333,37.48785589694726,0,1,1,0,0.026971282,Facundo Sebastián Roncaglia,Osasuna,99.4,24.2
31.34405844813336,23.702645950966243,0,0,0,0,0.018299572,Rubén García Santos,Osasuna,91.3,27.4
32.337284981890484,27.436703945483313,0,0,1,0,0.012166175,Facundo Sebastián Roncaglia,Osasuna,91.3,25.1
5.3160135440008,16.3895403340348,1,0,0,0,0.26045203,Frenkie de Jong,Barcelona,114.9,41.5
27.67236889028476,4.144623741104295,0,0,0,0,0.055670984,Lionel Andrés Messi Cuccittini,Barcelona,92.4,38.0
5.787054518492114,18.121860247901328,0,0,1,1,0.7831072,Philippe Coutinho Correia,Barcelona,114.5,38.2
9.459386872308379,13.448615051686529,1,1,0,0,0.07707748,Ante Budimir,Osasuna,110.8,42.2
13.0080744155313,16.066400535196667,0,0,1,0,0.15118743,Roberto Torres Morales,Osasuna,107.5,43.6
14.503103116229989,1.1852608186223854,0,0,1,0,0.20719418,Roberto Torres Morales,Osasuna,105.5,40.3
20.145719148245867,17.62548617392647,0,0,0,1,0.060398698,Lionel Andrés Messi Cuccittini,Barcelona,100.8,33.9
10.307764064044152,59.70355182376155,0,0,1,0,0.2874946,Enrique Barja Afonso,Osasuna,114.8,48.9
26.73013280924732,29.3460772072054,0,0,0,0,0.02197559,Enrique Barja Afonso,Osasuna,96.7,53.1
17.81937148162078,58.53994980197097,0,0,1,0,0.04443936,Ousmane Dembélé,Barcelona,110.7,24.8
13.018832512940625,65.00969388867517,0,0,1,0,0.13278921,Francisco António Machado Mota de Castro Trincão,Barcelona,114.5,51.8
22.280035906613797,24.95475057457899,0,0,0,0,0.0763903,Lionel Andrés Messi Cuccittini,Barcelona,99.8,30.6
25.52821967940577,19.92558065818433,0,0,0,0,0.02913763,Jordi Alba Ramos,Barcelona,96.0,48.7
20.670026608594387,32.15229514128234,0,0,0,0,0.054893922,Lionel Andrés Messi Cuccittini,Barcelona,102.5,51.0
21.651096969899694,39.94110195601156,0,0,0,0,0.054084532,Ousmane Dembélé,Barcelona,103.4,53.9
28.910897599348242,14.42077312751099,0,0,0,0,0.024887033,Lionel Andrés Messi Cuccittini,Barcelona,92.0,47.2
16.664333169977127,38.1765376009665,0,0,1,0,0.0489033,Antoine Griezmann,Barcelona,106.9,29.7
15.305554547287732,13.219084907016585,0,0,0,0,0.15622492,Lionel Andrés Messi Cuccittini,Barcelona,105.1,43.5
22.1686715885278,35.2672749670248,0,0,0,0,0.018558212,Ousmane Dembélé,Barcelona,101.9,52.8
26.726952688250865,2.573359463176829,0,0,0,0,0.024946539,Lionel Andrés Messi Cuccittini,Barcelona,93.3,38.8
11.901680553602509,0.962863625636226,0,0,0,1,0.7835,Lionel Andrés Messi Cuccittini,Barcelona,108.1,40.2
8.202438661763955,1.3971810272963958,0,0,0,0,0.2813001,Rubén Sobrino Pozuelo,Cádiz,111.8,40.2
22.207206037680653,43.90530940814697,0,1,0,0,0.0357645,Ousmane Dembélé,Barcelona,104.0,55.4
11.321660655575224,47.147585428298484,0,0,0,0,0.18295826,Frenkie de Jong,Barcelona,112.3,48.3
29.63545174280291,30.63218743532634,0,0,0,0,0.021027809,Ousmane Dembélé,Barcelona,94.5,55.1
21.709214633422373,45.55987579016166,0,0,0,0,0.018883605,Rubén Sobrino Pozuelo,Cádiz,104.8,24.5
11.515641536623129,23.002596593357854,0,0,1,0,0.117091976,Ousmane Dembélé,Barcelona,109.4,44.5
9.518928511129811,19.005984196036792,1,1,1,0,0.064979635,Lionel Andrés Messi Cuccittini,Barcelona,111.0,43.1
16.058953888718907,46.766270486009056,0,0,1,0,0.20353648,Ousmane Dembélé,Barcelona,109.0,51.7
7.800640999302551,53.86462338841082,0,0,1,0,0.14559855,Lionel Andrés Messi Cuccittini,Barcelona,115.4,33.7
25.20495982936692,1.1366718775987814,0,0,0,0,0.035109293,Miralem Pjanić,Barcelona,94.8,40.5
26.484901359076275,22.886122825808577,0,0,0,0,0.0346329,Lionel Andrés Messi Cuccittini,Barcelona,95.6,29.7
18.46943420898432,4.969740728110307,0,0,1,0,0.06228746,Ricard Puig Martí,Barcelona,101.6,41.6
12.909686285886274,2.2196555531978905,0,0,0,1,0.7835,Alejandro Fernández Iglesias,Cádiz,107.1,39.5
11.447707194019241,14.157632649677238,1,1,0,0,0.04745491,Martin Braithwaite Christensen,Barcelona,108.9,42.8
16.4730082255792,60.94539590092286,0,0,1,0,0.06967228,Francisco António Machado Mota de Castro Trincão,Barcelona,112.0,54.4
11.531695452100703,21.89367314172841,0,0,0,0,0.298439,Lucas Ariel Boyé,Elche,109.3,44.3
10.480935072788112,29.744881296942253,0,0,0,0,0.50473726,Francisco António Machado Mota de Castro Trincão,Barcelona,110.9,45.2
31.88494942759044,31.795858352631203,0,0,0,0,0.007819599,José Raúl Gutiérrez Parejo,Elche,92.9,23.2
21.86892772862904,10.53918372862823,0,0,1,0,0.07418988,Pere Milla Peña,Elche,98.5,36.0
9.414881836751858,12.264773727892399,0,1,0,1,0.3347203,Lionel Andrés Messi Cuccittini,Barcelona,110.8,42.0
15.254179755070409,25.221115193691386,0,0,0,0,0.095620655,Lucas Ariel Boyé,Elche,106.2,33.5
21.06086417980041,4.3569750058463015,0,0,0,0,0.07844107,Lionel Andrés Messi Cuccittini,Barcelona,99.0,41.6
21.488834309938724,20.71207909177959,0,0,1,0,0.04752228,Ousmane Dembélé,Barcelona,99.9,32.4
6.447480127925954,23.782030423221364,0,0,0,1,0.57921857,Lionel Andrés Messi Cuccittini,Barcelona,114.1,37.4
6.942621983083909,11.63363399894043,0,0,0,1,0.42237553,Jordi Alba Ramos,Barcelona,113.2,38.6
9.538343671728336,29.521361834581665,1,1,0,0,0.09103747,Guido Marcelo Carrillo,Elche,111.7,44.7
10.94166349327194,59.215853473673576,0,0,1,0,0.57339495,Antoine Griezmann,Barcelona,114.4,49.4
8.11233628494283,30.358115458766637,1,1,0,0,0.10336546,Guido Marcelo Carrillo,Elche,113.0,35.9
10.867382389517728,26.800834946954588,0,0,1,0,0.09100202,Ousmane Dembélé,Barcelona,110.3,44.9
11.834272263219226,48.768529709135386,1,0,0,0,0.07989315,Gerard Moreno Balaguero,Villarreal,112.2,48.9
13.514806694880987,24.47904098516313,0,0,1,0,0.1654399,Antoine Griezmann,Barcelona,107.7,34.4
15.953056133543823,20.93436841944273,0,1,1,0,0.13912481,Gerard Moreno Balaguero,Villarreal,105.1,45.7
31.813519138881816,12.157650333324463,0,0,0,0,0.030633146,Lionel Andrés Messi Cuccittini,Barcelona,88.9,46.7
9.270382947861433,23.523209020459635,0,0,1,0,0.08775519,Sergino Dest,Barcelona,111.5,36.3
19.524855953373898,14.534455080540113,0,0,1,0,0.072396524,Sergio Busquets i Burgos,Barcelona,101.1,35.1
5.968249324550707,58.706961004079865,0,0,1,0,0.68142056,Frenkie de Jong,Barcelona,116.9,45.1
4.2059481689626175,71.99583839408666,0,0,1,0,0.7965756,Frenkie de Jong,Barcelona,118.7,44.0
14.22708684165525,65.05609473657542,0,0,1,0,0.04878769,Lionel Andrés Messi Cuccittini,Barcelona,114.0,27.1
10.599056561788885,63.676701732190104,0,0,0,1,0.68502444,Samuel Chimerenka Chukwueze,Villarreal,115.3,30.5
16.461470165206997,53.89585696966329,0,0,0,1,0.13418779,Antoine Griezmann,Barcelona,110.3,53.3
14.866068747318508,17.216073587790703,0,0,1,1,0.47253746,Antoine Griezmann,Barcelona,105.8,35.6
17.483706700811474,54.30994017498603,0,0,0,0,0.063007504,Antoine Griezmann,Barcelona,109.8,25.8
11.747765745025731,11.788183299107615,1,0,0,0,0.08553563,Gerard Moreno Balaguero,Villarreal,108.5,42.4
12.963410045200302,11.569972047902008,0,0,0,0,0.1366131,Antoine Griezmann,Barcelona,107.3,42.6
16.32942130021759,24.995696372329004,0,0,1,0,0.06681567,Lionel Andrés Messi Cuccittini,Barcelona,105.2,46.9
15.086417732516882,14.58891873287463,0,0,0,0,0.13285223,Etienne Capoue,Villarreal,105.4,36.2
24.19132075766017,4.9799995963109875,0,0,0,0,0.020191351,Manuel Trigueros Muñoz,Villarreal,95.9,37.9
14.045995870709918,25.287968261823032,0,0,0,0,0.15358418,Moriba Kourouma Kourouma,Barcelona,107.3,46.0
22.150395030337496,39.87180895814716,0,0,0,0,0.045149013,Pervis Josué Estupiñán Tenorio,Villarreal,103.0,25.8
11.320777358467925,57.99461679191651,0,0,1,0,0.19521163,Moriba Kourouma Kourouma,Barcelona,114.0,30.4
15.559562975867934,33.996459148250494,0,0,1,0,0.105785675,Gerard Moreno Balaguero,Villarreal,107.1,48.7
19.845654436173177,6.945967620762805,0,0,1,0,0.217808,Frenkie de Jong,Barcelona,100.3,42.4
9.492101980067433,20.34410125591836,0,0,0,0,0.06298122,Gerard Moreno Balaguero,Villarreal,111.1,43.3
19.944924166313594,43.781124764868686,0,0,0,0,0.01554143,Mario Gaspar Pérez Martínez,Villarreal,105.6,53.8
16.47118696390761,21.73681449735702,0,0,1,0,0.073126495,Antoine Griezmann,Barcelona,104.7,46.1
22.041097976280582,37.44179659650576,0,0,0,0,0.024471292,Anssumane Fati,Barcelona,102.5,26.6
9.94635611668917,12.77873318840605,1,1,0,0,0.0655744,William Silva de Carvalho,Real Betis,110.3,42.2
27.94584047760954,46.88500349254274,0,0,0,0,0.008963995,Alejandro Moreno Lopera,Real Betis,100.9,19.6
16.1245154965971,66.61477894278623,0,0,1,0,0.016886527,Anssumane Fati,Barcelona,113.6,54.8
19.417775361765823,28.280771190774587,0,1,0,0,0.06615006,Antoine Griezmann,Barcelona,102.9,30.8
22.210357943986402,46.45944935499227,0,0,1,0,0.04687369,Alejandro Moreno Lopera,Real Betis,104.7,23.9
27.461245419681905,27.311533751767186,0,0,0,0,0.02755421,Cristian Tello Herrera,Real Betis,95.6,27.4
19.80403999188044,38.02723071397356,0,0,0,1,0.052126,Ousmane Dembélé,Barcelona,104.4,52.2
15.784802817900509,22.340647959994147,0,1,0,0,0.23999268,Antoine Griezmann,Barcelona,105.4,34.0
12.0,0.0,0,0,0,0,0.7835,Antoine Griezmann,Barcelona,108.0,40.0
18.98736421939602,23.59482056988147,0,0,1,0,0.09418091,Cristian Tello Herrera,Real Betis,102.6,32.4
10.261091559868277,12.952764513375502,0,0,1,1,0.12906268,Arnaldo Antonio Sanabria Ayala,Real Betis,110.0,37.7
17.92344832893492,30.141385552075338,0,0,0,0,0.030692302,Pedro González López,Barcelona,104.5,31.0
10.307764064044148,2.2239612403854716,0,0,0,1,0.95298624,Antoine Griezmann,Barcelona,109.7,40.4
22.055384830013736,30.518230678875234,0,0,0,0,0.03995733,Cristian Tello Herrera,Real Betis,101.0,28.8
10.787029248129441,79.3150875999973,0,0,1,0,0.015270742,Arnaldo Antonio Sanabria Ayala,Real Betis,118.0,50.6
16.19691328617894,50.511477416020625,0,0,1,0,0.12409546,Ousmane Dembélé,Barcelona,109.7,52.5
11.901680553602509,0.962863625636226,0,0,0,1,0.7835,Lionel Andrés Messi Cuccittini,Barcelona,108.1,40.2
13.09198227924251,34.41836447905621,0,0,0,0,0.14343098,Francisco António Machado Mota de Castro Trincão,Barcelona,109.2,47.4
16.9118301789014,28.23191825866355,0,0,1,0,0.07299935,Pedro González López,Barcelona,105.1,32.0
9.099999999999994,0.0,0,0,0,1,0.45755082,Lorenzo Jesús Morón García,Real Betis,110.9,40.0
24.434606606205065,3.0497604692684246,0,0,0,0,0.03978839,Francisco António Machado Mota de Castro Trincão,Barcelona,95.6,38.7
12.288612614937458,55.27535816487814,0,0,0,1,0.3188917,Lionel Andrés Messi Cuccittini,Barcelona,113.0,50.1
12.628935030318273,8.194263334630199,1,1,0,0,0.035399932,Marc Bartra Aregall,Real Betis,107.5,41.8
12.525573839150047,47.264754548223436,0,0,1,0,0.0986297,Lionel Andrés Messi Cuccittini,Barcelona,111.5,49.2
8.57029754442633,55.939091183192176,0,0,0,1,0.36530197,Pedro González López,Barcelona,115.2,32.9
22.908513701242164,24.775140568831926,0,0,0,0,0.032843675,Lorenzo Jesús Morón García,Real Betis,99.2,30.4
10.239628899525613,58.17255342332688,1,1,0,0,0.052004397,Lorenzo Jesús Morón García,Real Betis,114.6,48.7
